id,Domain,Status,Attractiveness,Demand,Length,Registrar,Created,Expires
b9b4ff2b-9737-4e7e-909a-0e5f52c9406e,education.accountant,premium,82,28,9,,,
9358925e-9905-4a99-8733-2003bb384a35,education.accountants,available,82,28,9,,,
ae16e6d0-1e04-4e69-a319-a519405d432e,education.actor,premium,82,28,9,,,
d97f088b-5f60-428b-ab9e-e7f2ec8baf85,education.adult,resell,82,28,9,"Name.com, Inc.",09/06/2017 14:30,09/06/2026 14:30
69455659-e32d-4f27-974c-c8d2a89b4dd9,education.airforce,available,82,28,9,,,
443e6415-2c56-4289-bdf7-7537f606bbd3,education.apartments,available,82,28,9,,,
1f99a643-2206-4e62-801e-2e846f3db11d,education.archi,available,82,28,9,,,
a0352450-0457-45da-af75-93aef07b3a33,education.army,available,82,28,9,,,
a5c01fd7-6944-4ce1-b9f3-d00bd35645f9,education.art,premium,82,28,9,,,
16af0672-b8fe-481e-bf7a-ef957afb4aa7,education.at,sold,82,28,9,InterNetX GmbH ( https://nic.at/registrar/80 ),,
d14453f9-417b-4689-aaac-67f6d6a934ce,education.attorney,premium,82,28,9,,,
30d75dba-8f48-4318-b83d-6d4f63715df4,education.auction,premium,82,28,9,,,
d86fd5bd-57b7-4cf4-b82d-73cfdb8507b6,education.auto,available,82,28,9,,,
75f8aa5a-1ec9-4f89-b396-46b2849b2f17,education.autos,premium,82,28,9,,,
f1760cd6-67f3-414e-af97-d362115ce581,education.baby,premium,82,28,9,,,
f211f0d2-4392-40cd-866b-b4f5a04cf8c2,education.band,premium,82,28,9,,,
d2e013bf-0088-4a95-802d-a3d3dfd24383,education.bar,premium,82,28,9,,,
f7b0e70d-ca97-4153-9fef-742a9c5b9ce1,education.bargains,premium,82,28,9,,,
bb5aef82-2815-4704-97b6-899cd9719d1f,education.bayern,available,82,28,9,,,
334a6afd-404a-4f33-a979-8c052d118447,education.beauty,premium,82,28,9,,,
cc6cc001-7943-4572-ad35-62207c4f4ac2,education.berlin,premium,82,28,9,,,
e5e0614c-753c-4425-8069-fa898a46477c,education.bid,resell,82,28,9,Porkbun,26/07/2019 14:50,26/07/2026 14:50
e782047b-f7f4-4d98-8dac-339a7fa9a25a,education.bike,available,82,28,9,,,
248d2b10-3e4e-46f9-a096-9ee6772e2959,education.bingo,available,82,28,9,,,
db07a667-042b-4de6-b727-1bd03774cc8c,education.bio,premium,82,28,9,,,
980b0f17-3c4c-407e-acfd-e5833d7d2e3d,education.black,resell,82,28,9,"Xiamen ChinaSource Internet Service Co., Ltd",14/10/2025 15:15,14/10/2026 15:15
dbbf23e3-dba9-40fd-92ea-931eb79be64e,education.blackfriday,available,82,28,9,,,
edb72649-a35b-45d3-85e8-386a955b08f4,education.blog,premium,82,28,9,,,
87c83b17-bd12-41d7-8967-e5a040e65c13,education.boats,premium,82,28,9,,,
024241e0-ac96-441b-a004-c73acadc0581,education.boo,premium,82,28,9,,,
abfa2e9c-d8a3-41df-beca-8a91eda76b87,education.boston,premium,82,28,9,,,
ae962cb5-ed36-4f82-af1d-48be5e3deb5a,education.bot,resell,82,28,9,"Dynadot, LLC",21/05/2025 03:55,21/05/2026 03:55
7832941e-aba9-4333-a0d4-7c6f6d300060,education.build,premium,82,28,9,,,
866e9f5c-3ffc-4221-b5e9-813cf4c49415,education.builders,premium,82,28,9,,,
21edb1a9-3f8b-4595-b698-d5b75fb6d85b,education.buzz,premium,82,28,9,,,
b022d1fe-e988-4cb9-8439-04ba26305143,education.cab,available,82,28,9,,,
086633b8-e414-48b5-a4df-c185ae3075af,education.camera,premium,82,28,9,,,
7f31b391-0239-4b24-9344-7769b12e7bcb,education.capital,premium,82,28,9,,,
e0f4fa77-f6d1-4ab3-b56e-c8fc207963a2,education.car,available,82,28,9,,,
76b4652f-fa0f-43c9-beea-2f027d3aae41,education.care,premium,82,28,9,,,
72265618-94f9-4cd0-8355-c16b3fc29f44,education.careers,premium,82,28,9,,,
699803c4-4cfb-4165-be45-3f9df1335f49,education.cars,available,82,28,9,,,
8c56f989-51f8-431d-8125-50e7dc9ee505,education.casa,premium,82,28,9,,,
8fb038e1-b5bc-42ad-8690-5794b07d26ab,education.cash,premium,82,28,9,,,
597235fd-17c6-4dc4-95e7-f9f1b2a90040,education.casino,available,82,28,9,,,
465e72c2-2cdc-41e0-9e7b-12d03c2f21ad,education.catering,premium,82,28,9,,,
8aab4318-e239-4858-b6a5-4d0338121472,education.cc,expiring,82,28,9,"eName Technology Co., Ltd.",19/12/2012 09:03,19/12/2025 09:03
26ea1380-934e-4635-98a2-a743d13bf632,education.center,resell,82,28,9,"Spaceship, Inc.",27/10/2017 03:06,27/10/2026 03:06
8e77e527-02c4-4a7d-9519-136f77c8ea6d,education.cfd,resell,82,28,9,Namecheap,25/05/2024 13:42,25/05/2026 23:59
65a8800e-f086-43dc-87e3-89b21a1286c4,education.charity,premium,82,28,9,,,
f0ac3ed0-9718-4aa1-8ffc-1d9bc8890159,education.cheap,available,82,28,9,,,
b51aa4e6-94db-41d1-8d5f-b317e5952cc8,education.christmas,available,82,28,9,,,
81688f72-9a1f-4046-970a-7fcce7640184,education.church,resell,82,28,9,"Global Domains International, Inc. DBA DomainCostClub.com",17/09/2014 22:52,17/09/2026 22:52
c81264b4-a1d3-41d6-a00c-ede14b52ece3,education.claims,premium,82,28,9,,,
bfde4c7d-9d1f-4060-b10b-03c6ca64cf26,education.click,premium,82,28,9,,,
0204ff83-db0e-4ce6-9fc4-48b364f2d2ea,education.clinic,premium,82,28,9,,,
102f3e12-6806-4d69-907b-3c206a76f03b,education.clothing,available,82,28,9,,,
c8e232d7-c175-4ec9-8c45-677592245078,education.cloud,resell,82,28,9,Tucows Domains Inc.,12/02/2020 14:39,13/02/2026 14:17
a41ad093-ebf2-45fb-80d7-d0e530a60ea1,education.club,resell,82,28,9,"GoDaddy.com, LLC",27/02/2017 16:00,26/02/2026 23:59
36c893ac-ed83-42ba-bf07-512eb521ff0e,education.co,resell,82,28,9,Hello Internet Corp.,25/02/2010 00:15,24/02/2026 23:59
802f59da-53b9-4f0d-8419-064b0bfaed80,education.college,premium,82,28,9,,,
f646843e-64eb-45ed-966c-4451560aeb36,education.computer,resell,82,28,9,"Sav.com, LLC",28/06/2024 12:26,28/06/2026 12:26
9e20c0b5-49cc-46fb-8934-2e2da1a936b8,education.condos,premium,82,28,9,,,
66988056-d08c-4c33-8a9d-a8d015e517fb,education.construction,available,82,28,9,,,
babe3873-77ed-4a4b-b530-e82f715de7af,education.consulting,premium,82,28,9,,,
28285d1f-424c-4113-b17d-3cdf01a45100,education.contact,expiring,82,28,9,"Key-Systems, LLC",11/12/2020 15:30,11/12/2025 15:30
28519b88-f982-465b-ae01-3fe185a06df1,education.contractors,premium,82,28,9,,,
42efe6f0-3ca1-4fbf-bef2-945ccc1746b4,education.cooking,premium,82,28,9,,,
1e946f33-fb84-41b3-ad45-820107840776,education.country,available,82,28,9,,,
54959507-f636-4bcd-88aa-816d55454f6b,education.coupons,resell,82,28,9,Dynadot Inc,23/02/2025 17:00,23/02/2026 17:00
252b92ec-f54c-4460-b82a-9e737783157a,education.courses,expired,82,28,9,OPEN UNIVERSITIES AUSTRALIA PTY LTD - COURSES,07/12/2015 01:02,07/12/2025 01:02
09fef4b4-0a15-41cc-88a0-604e5a335327,education.cricket,premium,82,28,9,,,
5ae45c78-0efe-4256-9fab-f3d7a75183dc,education.cruises,premium,82,28,9,,,
719073f3-ea60-4273-9327-947cf2c4e75c,education.cv,premium,82,28,9,,,
8733b938-a5fe-4a44-91e2-8851270ce554,education.cyou,resell,82,28,9,"Global Domains International, Inc.",29/07/2020 04:58,29/07/2026 23:59
e9118559-ac1a-4555-bc22-3f61190c18fb,education.dad,premium,82,28,9,,,
661e1e7c-1d03-4b21-a049-04148387682b,education.date,premium,82,28,9,,,
66eecc7b-e25c-4cde-8742-6778ce1085e2,education.dating,premium,82,28,9,,,
767597f3-12ab-4e9a-9012-05f1236cabaf,education.day,premium,82,28,9,,,
526cd825-16d0-462c-8b0c-94b72a582cbf,education.deal,premium,82,28,9,,,
d1b6096c-5272-4d88-ad92-26d8b6a9ed06,education.dealer,premium,82,28,9,,,
e382f7c5-c8e6-427a-a39e-087f6007f292,education.deals,available,82,28,9,,,
6229e693-c352-468c-a6ed-30632a885579,education.degree,premium,82,28,9,,,
1f9f1ebd-b5da-4cc9-834d-4f995087e360,education.democrat,premium,82,28,9,,,
9b0a3ba5-2aa5-4125-b8ad-eb043fd3f2ca,education.dentist,premium,82,28,9,,,
e24a52cd-cfc9-47b6-a798-3473861dec86,education.design,premium,82,28,9,,,
d2510ff9-274a-4d69-906b-0907886e3873,education.diamonds,available,82,28,9,,,
efd8d4e1-a0de-4fb7-818a-ddbb0ce2b8aa,education.diet,available,82,28,9,,,
4f3b6c8b-ee41-4b35-a225-de6db7f56431,education.digital,resell,82,28,9,"GoDaddy.com, LLC",10/01/2018 16:18,10/01/2026 16:18
b583c1ea-7992-4aa8-9080-460641fef012,education.discount,premium,82,28,9,,,
dad47cb9-3430-44ef-af5d-3de8f712f1ca,education.diy,premium,82,28,9,,,
bcdf53ba-adfb-443b-9751-9dbc8deb5a99,education.dog,resell,82,28,9,Infomaniak Network SA,19/08/2015 16:34,19/08/2026 16:34
3b20c9fb-4032-4ccf-bc3d-4fdf0be79630,education.domains,premium,82,28,9,,,
bb82c2f8-032b-40de-b77b-b060dc3c0ad1,education.download,premium,82,28,9,,,
5c420cfa-814f-4d7e-82de-290c52d562f8,education.email,expiring,82,28,9,"Sav.com, LLC",04/01/2025 02:05,04/01/2026 02:05
4a5da53b-6c40-4ef2-97c5-f930f8690e20,education.engineer,premium,82,28,9,,,
9339c6a9-96cd-47dd-bf77-2f0867c52202,education.engineering,premium,82,28,9,,,
2a2c803e-fa49-46b6-8670-3ee888f40a0e,education.enterprises,resell,82,28,9,Porkbun LLC,23/02/2021 08:46,23/02/2026 08:46
9e8f50ce-63fb-43ea-bff0-0a2b09cbd2c4,education.esq,premium,82,28,9,,,
77c8b597-53e1-4f8e-b0e5-ebce342d98c4,education.expert,premium,82,28,9,,,
74232430-f49c-40e5-9ff7-ade614332528,education.exposed,premium,82,28,9,,,
2e437344-a8cf-4763-b0b2-6daa21ca683e,education.faith,premium,82,28,9,,,
9fa040cf-1399-4509-9dfb-65aab98a5bd2,education.family,premium,82,28,9,,,
98b45d76-8b01-4142-b44d-9ff1d7f862b5,education.fan,premium,82,28,9,,,
1b6ed6ee-c3cc-49f1-be33-ea1b23838a33,education.fans,premium,82,28,9,,,
7dba8e82-306c-4a4f-86e1-952a611c036a,education.farm,expired,82,28,9,"Sav.com, LLC",02/10/2024 17:08,02/10/2025 17:08
6b2c2a6e-4841-477d-b4e5-1aa138a036f7,education.fashion,premium,82,28,9,,,
69355027-bbaf-4d38-9977-7101185d5b3e,education.fast,premium,82,28,9,,,
6ab9b66a-0e1d-4138-b534-0be5bd10d359,education.film,premium,82,28,9,,,
4291bbf6-1606-46bc-b57e-22d2b4d6763b,education.fish,premium,82,28,9,,,
88a13e70-693e-4a8a-856d-d69352d33f2a,education.fishing,premium,82,28,9,,,
fec67468-43d7-47d2-b748-fbe27181a397,education.fit,resell,82,28,9,"Chengdu West Dimension Digital Technology Co., Ltd.",19/05/2023 00:00,19/05/2026 00:00
d0008f9e-0a4d-4679-bae3-c201312e022b,education.fitness,premium,82,28,9,,,
2b2d6531-4d6c-415f-a2c3-e23866cee008,education.flights,premium,82,28,9,,,
9bb4a7f2-90f4-448b-86b6-74d4a6185d28,education.florist,available,82,28,9,,,
f31ce6b1-9b75-48a5-90f2-39697486557c,education.flowers,available,82,28,9,,,
8ae59ae1-8e8c-44bd-a7ad-2b44438c3af4,education.foo,premium,82,28,9,,,
ad9bcb51-0c4c-4f57-a04c-200f7e80a840,education.food,premium,82,28,9,,,
6a4bfd67-d86d-44af-bb65-b0c2131305bb,education.football,available,82,28,9,,,
9e75b49c-0d2d-42b1-b42e-1f6f4b33da54,education.forsale,premium,82,28,9,,,
c8d678b9-d989-4b6a-b049-e63c04ac8724,education.free,premium,82,28,9,,,
ab9aa950-a05f-4239-abe6-ccb87c4fa3f0,education.fund,premium,82,28,9,,,
c695090c-b81f-40af-8671-69c17494e651,education.furniture,expiring,82,28,9,"GoDaddy.com, LLC",22/12/2019 19:32,22/12/2025 19:32
de66d0e7-6759-49a6-97cb-53c2c47f713a,education.futbol,available,82,28,9,,,
0bf75aed-4259-4dc0-8b63-24970bd05f4e,education.fyi,resell,82,28,9,Dynadot Inc,05/10/2023 03:01,05/10/2028 03:01
4e5e2234-9252-4a45-8eaf-5a723d317a14,education.gallery,premium,82,28,9,,,
f2b7fb92-8ebd-47d2-a80b-2e65c75d57d0,education.game,available,82,28,9,,,
7558d294-a507-4db1-a363-27a07fda907f,education.games,premium,82,28,9,,,
c75a4fad-195c-434b-ad77-cab50b376101,education.gay,premium,82,28,9,,,
64045fe6-1efc-43e1-be23-7cc828282e56,education.gifts,premium,82,28,9,,,
cd9ed854-51ad-4de1-86a2-85471c1d1a64,education.gives,available,82,28,9,,,
501163c8-f1ad-451b-a431-f31b1f9f10e6,education.giving,available,82,28,9,,,
c99893cd-3289-41f9-9995-054aa2118fd8,education.glass,premium,82,28,9,,,
8dc19e88-579d-42ea-b975-0b2032f3e913,education.global,resell,82,28,9,Porkbun LLC,24/06/2014 19:53,24/06/2027 19:53
6b60ebc5-8921-4d12-be9e-78273fec73e5,education.gmbh,available,82,28,9,,,
4f9505c8-5611-4d29-94ee-6026eb45eff7,education.gold,resell,82,28,9,"Xiamen ChinaSource Internet Service Co., Ltd",01/04/2023 15:15,01/04/2026 15:15
4144517d-8afb-482e-a822-6a2563e8de3b,education.graphics,premium,82,28,9,,,
89906a7c-1e47-41e0-b3c3-e34d2773a539,education.gratis,premium,82,28,9,,,
4fdde411-3e09-44de-b54e-219556323486,education.green,premium,82,28,9,,,
1d9df97e-7246-456f-8bb7-9b438a249b76,education.gripe,premium,82,28,9,,,
89ccfd0d-eb2d-4167-90b8-92971d215fe4,education.group,resell,82,28,9,Dynadot Inc,08/06/2016 16:00,08/06/2026 16:00
809b6409-f729-4635-a865-804eb19ca1d5,education.guide,expiring,82,28,9,"Sav.com, LLC",24/12/2023 13:12,24/12/2025 13:12
22af3621-e9f6-4052-aca8-ed7df92cae10,education.guitars,available,82,28,9,,,
71848364-603e-4d2f-8d2f-7b05e2012792,education.hair,premium,82,28,9,,,
e3bc397f-175a-4897-b6d0-8294faf397a4,education.health,premium,82,28,9,,,
3ee4bf13-144d-4926-948f-c6ce59da5263,education.healthcare,resell,82,28,9,Porkbun LLC,06/05/2021 11:47,06/05/2026 11:47
ab432111-431b-4aad-9dc8-9b3da65ba4a7,education.hiphop,premium,82,28,9,,,
387bcd7a-bf5a-4fef-bb70-aef1e6277c36,education.hiv,premium,82,28,9,,,
157439ce-f38c-4670-abb6-1b27d9869946,education.hockey,available,82,28,9,,,
ef1726b7-f077-4b48-b33c-15f961f22ba9,education.holiday,available,82,28,9,,,
d74edc1c-7f13-4897-957b-bd20b057539a,education.homes,premium,82,28,9,,,
f4af408e-12af-4e24-bcf8-410cd7d86a27,education.horse,available,82,28,9,,,
02292492-2e4f-435e-aca7-55ef270904c4,education.hospital,available,82,28,9,,,
f7ae4f0f-d722-4369-a587-02c37efd079f,education.host,premium,82,28,9,,,
0d3578a7-ef44-4262-9100-c4599442d53a,education.hosting,premium,82,28,9,,,
5615265f-75b6-41d4-9286-0512026df50e,education.hot,premium,82,28,9,,,
2fb42e31-c904-42c7-a840-c2a9db952ff7,education.how,premium,82,28,9,,,
0c19cab6-696f-4750-a361-854bf7d659ae,education.im,premium,82,28,9,,,
14422cb0-e2a0-45d7-9376-0218f3babf38,education.immo,premium,82,28,9,,,
8aa2f4e5-4f2b-47c3-bdd1-3672affb39cb,education.immobilien,available,82,28,9,,,
24bbc334-be78-47e9-8e2e-da91ed4a8929,education.inc,premium,82,28,9,,,
05b72ea0-04ff-41d0-a401-90d4d731dbf1,education.industries,premium,82,28,9,,,
cde8c446-c597-4140-9b0c-318b86d3b84a,education.ing,premium,82,28,9,,,
38f19148-a4da-491d-80c0-e2dab7f2c159,education.ink,resell,82,28,9,"Xiamen ChinaSource Internet Service Co., Ltd",26/07/2025 00:00,26/07/2026 00:00
301866db-103e-4635-8f34-db4208200d24,education.international,resell,82,28,9,"Blue Razor Domains, LLC",24/06/2015 16:00,24/06/2027 16:00
22da54be-3cf8-4e72-9637-c0bab3f4528b,education.investments,premium,82,28,9,,,
20e57edc-bcaf-4f28-a4df-b4edebe255ce,education.irish,available,82,28,9,,,
44652e6b-6bba-4085-9c1c-0b4e0904ea57,education.it,sold,82,28,9,,14/02/2024 09:00,30/10/2026 00:00
0cc32d19-3a30-49c6-a510-7c0a41bd8b90,education.jetzt,expiring,82,28,9,united-domains GmbH,06/01/2022 16:49,06/01/2026 16:49
0b0497b5-7e83-4dc3-b6bb-72bd8627ce7f,education.jewelry,expiring,82,28,9,"GoDaddy.com, LLC",26/12/2020 23:32,26/12/2025 23:32
920b7965-4970-4632-9d67-ca313dcba7c5,education.juegos,available,82,28,9,,,
575685a2-03d6-4f2c-a69e-47c2eed575a7,education.kaufen,available,82,28,9,,,
0b7c0763-f980-41d4-97bf-5e74c7562db9,education.kids,premium,82,28,9,,,
e6801339-cf92-439c-a76c-ff7784e08dc1,education.kim,available,82,28,9,,,
c3848a5e-3757-43f7-90e3-56906716104b,education.kitchen,available,82,28,9,,,
cbc5600d-ceb6-402d-9327-5ee59e23562d,education.la,resell,82,28,9,LA Domain Names,30/08/2017 16:27,30/08/2026 23:59
7f6748cb-a6ab-4660-a205-60a3af721c6a,education.lat,resell,82,28,9,Dynadot LLC,11/10/2025 06:24,11/10/2026 23:59
b6bcd714-d429-4b43-9600-af6aa8701e61,education.law,premium,82,28,9,,,
74e538c9-6276-4b13-9b4d-b2f51e0fd3ba,education.lawyer,premium,82,28,9,,,
4a3690e5-da2d-4182-aa01-161f132e50ed,education.lgbt,premium,82,28,9,,,
dd231c78-0769-4a8c-9c56-df0481c0114a,education.life,resell,82,28,9,"Spaceship, Inc.",08/05/2023 15:15,08/05/2026 15:15
541642ef-26a8-40be-89b3-844863416626,education.lifestyle,premium,82,28,9,,,
a158d687-4f0c-4664-ab4a-35bb84d4c90f,education.lighting,available,82,28,9,,,
a30f2e73-7ef5-4856-bd49-d15d7f9d29c4,education.limited,premium,82,28,9,,,
48c7a725-aa36-4591-85a3-87a1fcedcad7,education.limo,available,82,28,9,,,
93e0ea14-15bf-4ade-9669-2b2b6f08ee0a,education.link,premium,82,28,9,,,
9cc29f59-8c0b-43a4-ae69-cb7174773e95,education.live,premium,82,28,9,,,
547399b0-3c47-4e4e-89c8-6f2b4017810b,education.living,premium,82,28,9,,,
acbb266f-5aab-420c-8592-7f679d629712,education.llc,premium,82,28,9,,,
175609a6-9d16-468a-9297-2a1523ec02a7,education.loan,premium,82,28,9,,,
ebb103e5-5353-40c4-a6bb-29d20ddb4317,education.loans,premium,82,28,9,,,
0daea458-52aa-4a03-9b09-64ba7f02ac06,education.locker,premium,82,28,9,,,
dc5da76f-bb52-4845-a883-992d5a2d690f,education.lol,premium,82,28,9,,,
0dabfaef-66a7-45c9-bc4e-8a0e586614de,education.love,premium,82,28,9,,,
f666bb22-9720-4db8-aecd-dbffd89cbf62,education.ltda,premium,82,28,9,,,
41ad03f5-7fe6-4192-9c12-8febc121bc7c,education.luxe,available,82,28,9,,,
32892538-4824-4494-a8ad-6b0f165e3399,education.luxury,available,82,28,9,,,
8ed6c52c-a5da-4e3c-b6f6-6b20fcef4d90,education.maison,available,82,28,9,,,
21aaa6bd-34aa-442d-b12e-3b1a25e473ea,education.makeup,premium,82,28,9,,,
e5e14f29-bce4-4c61-a6b8-0b3f83a2484d,education.market,premium,82,28,9,,,
4b1c6173-3f4d-4f23-bbe0-f3fe351dc43e,education.marketing,premium,82,28,9,,,
2bc25f16-c30d-415b-a1f8-22358444989d,education.mba,expiring,82,28,9,"Chengdu West Dimension Digital Technology Co., Ltd.",18/12/2020 04:08,18/12/2025 04:08
6bcb0af7-8455-4058-b936-6b843008312f,education.me,premium,82,28,9,,,
9233040f-3a99-4c07-9595-8d67696d078c,education.melbourne,premium,82,28,9,,,
1287ef01-48fb-459f-853e-1f232511fcdc,education.meme,premium,82,28,9,,,
e48378e4-869a-4708-9256-8731e9ae851a,education.menu,available,82,28,9,,,
924f9be5-e6d5-4ccb-be27-e7dc07e826d3,education.miami,premium,82,28,9,,,
3586eb69-e6f0-408a-b323-a24c6e98e8e8,education.mobi,premium,82,28,9,,,
f3e54b7b-6d26-4054-8a22-1d5cc808bed1,education.moda,premium,82,28,9,,,
a2a31d65-3069-4bce-b93b-4953a3819a59,education.moe,premium,82,28,9,,,
eede2c60-8b91-4844-9c6c-d3fc7a31abdd,education.mom,premium,82,28,9,,,
6dc72cf9-e38a-4afc-a255-5c1bd880424e,education.money,resell,82,28,9,Dynadot Inc,28/10/2021 17:00,28/10/2026 17:00
6eb6849b-1270-44dd-91e1-0d8d59888454,education.monster,premium,82,28,9,,,
701135b7-d58c-4bb7-83c6-ac5b7a9fe3c0,education.mortgage,premium,82,28,9,,,
d8d73b30-e16e-49d6-aced-a196d41f1d5f,education.motorcycles,premium,82,28,9,,,
6d278ab6-6c77-47d8-83e5-83cf5d0ec506,education.mov,premium,82,28,9,,,
355f89d0-1e08-470c-91e9-92fee59f9ffb,education.movie,available,82,28,9,,,
e264bd95-1d59-4078-8411-08a795a0a5f9,education.music,premium,82,28,9,,,
af9d3dd2-4714-4753-b937-c8a62b592c55,education.mx,resell,82,28,9,NameSilo,03/10/2009 00:00,02/10/2026 00:00
6cae5399-6951-4590-9945-00fda52bb24e,education.navy,available,82,28,9,,,
9c1e055f-4e09-40fb-86d5-4983cd5568d5,education.net,resell,82,28,9,"Domain.com - Network Solutions, LLC",02/08/1995 04:00,01/08/2028 04:00
5d56b948-5b2f-4751-9954-a3004d47a68e,education.network,resell,82,28,9,"Wild West Domains, LLC",10/12/2014 16:00,10/12/2026 16:00
492065cf-61c4-4fac-b74b-008ce7bb5e6b,education.news,premium,82,28,9,,,
f57cd427-8f96-4258-8d2d-85c9f527cabc,education.nexus,premium,82,28,9,,,
5a2c2580-fc2a-4493-b50e-a1394eded4dc,education.ninja,premium,82,28,9,,,
72d28298-7a30-4e56-92d3-b90ab97c8a03,education.nyc,premium,82,28,9,,,
345df96c-1527-4c92-88a5-227da23ca567,education.observer,premium,82,28,9,,,
34b00af7-39df-4fd9-a0df-f7f5c57d578a,education.one,resell,82,28,9,Dynadot Inc,10/08/2017 02:23,10/08/2026 02:23
f7d63063-8fd7-40cf-b007-e812c4c8dff7,education.online,premium,82,28,9,,,
d52426c4-1d44-41c1-8ff2-6e5a1996e176,education.ooo,available,82,28,9,,,
c530c4e7-678a-4e24-8452-6ef8f74cdc7b,education.organic,available,82,28,9,,,
f2a1b0b1-7c7c-4fda-bd10-538ddc6979d3,education.osaka,premium,82,28,9,,,
10defda3-1918-4016-bdef-c61a352d2d87,education.page,premium,82,28,9,,,
6af6503a-425f-4e66-b97a-0f5b7e0d1afb,education.parts,premium,82,28,9,,,
6bb879d9-a2ba-49fd-a175-e7c47d748cb0,education.pet,premium,82,28,9,,,
1ffb0346-58b4-46a4-8e90-55f344db1c5f,education.phd,premium,82,28,9,,,
6acfe7d5-65fa-4c3a-b9d3-d3e80f978981,education.photo,premium,82,28,9,,,
382de3fe-d8ea-4552-a666-880953f54984,education.pics,resell,82,28,9,"Spaceship, Inc.",24/10/2025 09:44,24/10/2026 23:59
23982763-b5f5-436c-af1c-6a286e2810e1,education.pictures,expiring,82,28,9,"Global Domains International, Inc. DBA DomainCostClub.com",15/12/2022 04:43,15/12/2025 04:43
37490249-ba4c-4b01-978c-51cba15c2de2,education.pink,premium,82,28,9,,,
3f9a66fb-3a1f-402a-b94d-8b0b98305839,education.plumbing,available,82,28,9,,,
e44c04a3-b56b-44aa-b30c-cb9420d976dc,education.plus,resell,82,28,9,Porkbun LLC,09/07/2015 04:17,09/07/2026 04:17
bad34511-5cd0-4bb0-a388-115a4d92772a,education.poker,premium,82,28,9,,,
df30c716-cc7c-4cae-b0d0-5c5af527e2c1,education.porn,resell,82,28,9,"Name.com, Inc.",09/06/2017 14:27,09/06/2026 14:27
894ff1a6-3128-4e17-a872-9fe5bef442fb,education.press,premium,82,28,9,,,
da1e7e19-bb07-44e3-a4bc-2b3f0f15dd62,education.productions,premium,82,28,9,,,
ce36d91d-e648-47e1-bc7f-093cb955c826,education.prof,premium,82,28,9,,,
f46bb0a9-1c44-4caa-adbf-de43dce9b95b,education.promo,premium,82,28,9,,,
59bf4c19-12b0-44f9-aa37-7632e1107b27,education.properties,premium,82,28,9,,,
10f0d020-5b5b-46fc-88a4-73e2317b2526,education.property,premium,82,28,9,,,
3f59b430-0551-43ec-85ce-abaf5712d9f3,education.protection,available,82,28,9,,,
bc419224-9220-4547-85db-4f2a0c0430d5,education.pub,premium,82,28,9,,,
78ec685a-b2d9-4eb8-845f-f172ead9f4f0,education.pw,resell,82,28,9,"CHENGDU WEST DIMENSION DIGITAL TECHNOLOGY CO., LTD.",01/06/2017 00:57,01/06/2028 23:59
f798e506-eda2-490c-8158-fea9b3099b75,education.qpon,available,82,28,9,,,
80355f35-5328-4278-8ebd-21e5baea1597,education.racing,premium,82,28,9,,,
ade9be7e-fcfa-4891-89e7-722af43a2c10,education.realty,available,82,28,9,,,
a7ce2ffc-2604-418a-930f-74e3158b7fbe,education.recipes,available,82,28,9,,,
e21192a1-6e1a-4fed-aec2-01c1c2c59d59,education.red,resell,82,28,9,Automattic Inc.,16/05/2018 08:29,16/05/2026 08:29
47ea1834-8cfa-4404-b107-5a0d39a57946,education.rehab,premium,82,28,9,,,
5d8f6434-38ee-487b-9bb3-0afb83a67384,education.reise,premium,82,28,9,,,
097b2274-a3e6-4524-b274-d8c43909bd8d,education.reisen,premium,82,28,9,,,
d8e1feb3-81a5-4dc1-8414-f8767fcbe285,education.repair,available,82,28,9,,,
e34bfd26-de41-45f7-ad5e-3eb5a7c3fe3c,education.republican,premium,82,28,9,,,
b89c0c64-81f4-4757-bb65-7c632867ec07,education.rest,premium,82,28,9,,,
11e6988d-8db0-4f12-b3ae-3fcb87452849,education.restaurant,available,82,28,9,,,
8157c545-f0d8-4639-be5e-4092765b3211,education.review,premium,82,28,9,,,
37b5e7ca-3e70-41f3-884b-b15716d6e1c1,education.reviews,premium,82,28,9,,,
b00f1e73-5914-4968-b8d0-a913d03dd872,education.rich,available,82,28,9,,,
af5999e7-ac54-4257-bf44-4a2b63f43b05,education.rip,available,82,28,9,,,
5d9dd022-f9e9-4999-9ad4-f01b97648224,education.rodeo,premium,82,28,9,,,
a154728c-e6b7-4258-8cc0-68e764b8ea04,education.rsvp,premium,82,28,9,,,
936d757e-5297-45be-afa4-c73962818a37,education.run,resell,82,28,9,"Xiamen ChinaSource Internet Service Co., Ltd",07/09/2015 09:19,07/09/2026 09:19
8902675f-e0f5-4a3d-bae3-f6fdc9f706c9,education.sale,premium,82,28,9,,,
6a2de70e-a83f-4125-ba79-0bc0f0bdbbb7,education.salon,available,82,28,9,,,
7ab53b89-ab1a-41b1-9b63-565107c63b02,education.sarl,available,82,28,9,,,
affb85c3-138f-480e-a642-4342d68b9be2,education.sbs,premium,82,28,9,,,
421c0003-78d7-4715-aa45-d16a38585e29,education.science,premium,82,28,9,,,
fa8a564e-21ff-4775-90d9-14434996f15d,education.security,available,82,28,9,,,
df067677-d0b5-4fe5-bb94-e6f548b92e46,education.services,resell,82,28,9,"Spaceship, Inc.",25/06/2015 08:27,25/06/2026 08:27
bc1f95d0-fd00-4a6f-8061-8e0e776d858c,education.sexy,available,82,28,9,,,
1c95b2b8-a1e5-4d81-a4dc-6ba7d6a6695f,education.shopping,premium,82,28,9,,,
d153c7da-b27d-415c-bde7-03fcf56d707d,education.show,resell,82,28,9,"Chengdu West Dimension Digital Technology Co., Ltd.",22/02/2019 23:23,22/02/2026 23:23
8b98d1de-040d-4db2-915f-5beaf24260cd,education.singles,available,82,28,9,,,
971dc6cb-8725-45fa-8155-f352d471a0ea,education.site,premium,82,28,9,,,
e3251949-7423-4997-8d1c-469b262e1d86,education.ski,premium,82,28,9,,,
abc7c8c4-0487-402b-b44d-c43afabefecb,education.skin,premium,82,28,9,,,
212b18b9-387e-40f9-bbe4-c47337ce6577,education.so,resell,82,28,9,SOSTEC TECHNOLOGIES_LR,23/09/2024 05:01,23/09/2025 05:01
8c656bbf-63ea-4da1-ad94-e906d5c050af,education.soccer,available,82,28,9,,,
3328d027-e97d-4991-922c-8342b174bf44,education.social,premium,82,28,9,,,
387542fe-e17a-4d25-a8a8-6fda2bd3aa4f,education.software,premium,82,28,9,,,
6a6acfd4-1fa4-4733-b59c-d22f47cfc531,education.solar,premium,82,28,9,,,
77c3c4ce-d14c-4fea-935a-7d3cf9344887,education.space,premium,82,28,9,,,
86463f1d-69f5-4890-9c32-5e25623d5ed6,education.spot,premium,82,28,9,,,
372c1b77-2653-443c-abfd-c5b63d358ca7,education.srl,available,82,28,9,,,
fcea1cbf-036a-46b1-b3c0-c0b3dc6668f7,education.storage,available,82,28,9,,,
c0fb551f-ab07-4cb3-a427-979c79e781c4,education.store,premium,82,28,9,,,
6508217b-2b66-4179-ac03-97dc6895b880,education.stream,premium,82,28,9,,,
91f584c5-ee2a-48ba-b48a-03c099384c29,education.study,expired,82,28,9,OPEN UNIVERSITIES AUSTRALIA PTY LTD - study,07/12/2015 00:33,07/12/2025 00:33
6a76c3ee-f451-4e06-9fd4-90f13f358ffb,education.style,premium,82,28,9,,,
7d2ea3d2-1803-4f52-b872-9c83fac7bef2,education.sucks,premium,82,28,9,,,
552094e6-41f1-4691-b51c-5c1e3b5985ce,education.supply,premium,82,28,9,,,
4249828d-5f38-4837-b5a5-1506bb97abdf,education.support,premium,82,28,9,,,
4c1c5d08-3f55-424d-ad35-6f9528aa569f,education.surf,premium,82,28,9,,,
32910af9-f938-4059-a874-f401cd16cf95,education.surgery,premium,82,28,9,,,
fa2569fe-2ec4-4bed-a9b7-e3e844933570,education.sydney,premium,82,28,9,,,
6100190b-f643-4e8d-94bd-79035e294194,education.systems,resell,82,28,9,"GoDaddy.com, LLC",19/03/2014 16:00,19/03/2026 16:00
3ec71cf0-5576-45f7-9563-c89c032357bb,education.talk,premium,82,28,9,,,
26109f6e-af2d-4332-bd12-5af93ea7da9b,education.tattoo,available,82,28,9,,,
73027237-8c9f-4cbd-bead-5e08cf85973f,education.tax,available,82,28,9,,,
1f2b95f3-a4fa-4369-98d9-accfb1af3e20,education.taxi,available,82,28,9,,,
337b7ea9-ba32-4698-b974-6fa845a73497,education.tech,premium,82,28,9,,,
63196e53-aa65-4efd-8637-a62b03850a50,education.tel,expiring,82,28,9,"Name.com, Inc.",05/01/2025 16:02,05/01/2026 16:02
f15abca5-3755-4457-84db-7fb7fdb0a55b,education.tennis,expiring,82,28,9,"NameCheap, Inc.",25/12/2021 07:41,25/12/2025 07:41
a10ce6fc-2feb-47ab-a08e-1f71e404844a,education.theater,available,82,28,9,,,
441371f7-1f56-42dc-9543-8a610ade22c8,education.theatre,available,82,28,9,,,
f5855ba8-f262-4689-b774-f25d0c3d9c51,education.tickets,available,82,28,9,,,
8ad076a2-987f-4b63-9da6-36b6b5ec04b3,education.tienda,available,82,28,9,,,
8b2168b5-2197-4432-9d10-0e725f092425,education.tires,available,82,28,9,,,
37f012d9-d0c2-44ef-a708-8b3c1a5765e8,education.tools,premium,82,28,9,,,
3de8e8c5-95af-4153-8712-7d4742bbfdc7,education.top,premium,82,28,9,,,
332c858b-f747-41cc-8cd0-25c91e1f5dfb,education.tours,premium,82,28,9,,,
08e2913f-81ae-44d2-b4ad-1a79f68857f8,education.toys,resell,82,28,9,Porkbun LLC,04/02/2022 13:15,04/02/2026 13:15
50e505d8-1bf4-4141-a256-9c6612c0f0b6,education.trade,resell,82,28,9,Porkbun,29/07/2019 13:10,29/07/2026 13:10
72940774-b81d-42a6-b32c-2c2701d602e1,education.training,resell,82,28,9,Automattic Inc.,01/03/2019 02:12,01/03/2034 02:12
b03f2278-593e-466f-8b2d-6f0eefe49781,education.tube,expired,82,28,9,"Latin American Telecom, LLC",08/11/2017 19:27,08/11/2025 19:27
8564e670-3c5f-43c0-bb05-965136962500,education.tv,resell,82,28,9,Dynadot Inc,21/12/2017 09:04,21/12/2026 09:04
2f08aedc-9140-4278-b78d-8d0d16ef47b8,education.uno,premium,82,28,9,,,
386db781-a324-4dd1-a964-af98fa4e37d9,education.vana,available,82,28,9,,,
cb32251c-96ae-468e-b267-933479867cd1,education.vegas,expired,82,28,9,"GoDaddy.com, LLC",21/10/2015 16:59,21/10/2025 16:59
38bc1a8a-cee0-4684-8a17-07ebadae1707,education.vet,premium,82,28,9,,,
3aa7d8d9-ae98-4891-b5b4-069f97e25152,education.viajes,available,82,28,9,,,
4bfaf29f-a484-4e3a-a60b-5a4ef2505a6d,education.video,premium,82,28,9,,,
f641cbd2-855b-450d-9e42-6b71799100bb,education.villas,premium,82,28,9,,,
d0ede1fa-fd9b-45a3-8311-adbe2d38acf7,education.vin,premium,82,28,9,,,
11d26ad8-b569-44d7-aed7-7e69f4cd5ca6,education.vodka,premium,82,28,9,,,
78526ea7-22ac-497f-a464-576ce845ad22,education.voting,available,82,28,9,,,
87c5fd87-a3b2-464f-9fff-4fe72254af84,education.voto,premium,82,28,9,,,
a08e2da9-b1b2-49a0-85b4-4a172c2e8020,education.voyage,available,82,28,9,,,
15b27206-831c-4f7d-94df-b39058612bbc,education.watch,premium,82,28,9,,,
9f3fff70-b55d-4043-a81b-84c6296dc63c,education.webcam,available,82,28,9,,,
e7e80e7d-3293-4ce9-b5b0-5300416dae34,education.website,premium,82,28,9,,,
9736ea2c-631e-4704-af38-4c03806e2f8c,education.wedding,available,82,28,9,,,
89e2bff9-14d2-4bff-9913-953b3d40acb8,education.win,premium,82,28,9,,,
74eb6d92-23fa-4d1a-b4ae-5cc0a80e5fc5,education.work,premium,82,28,9,,,
bada1711-16d5-4cf5-b2e0-45418b4ee487,education.works,premium,82,28,9,,,
e06eef6f-c648-4770-8948-beffb2d1e87e,education.world,resell,82,28,9,"Global Domains International, Inc. DBA DomainCostClub.com",30/03/2017 11:25,30/03/2026 11:25
20110735-3c79-49e9-898e-6ebfed6ba4e6,education.xyz,premium,82,28,9,,,
e7a752f4-8459-4568-a223-c114978bc5b0,education.yachts,premium,82,28,9,,,
7140538f-637f-4793-b97e-23dad869563b,education.yoga,premium,82,28,9,,,
074e6c27-94f7-4b81-b995-32fb66ed6aee,education.you,premium,82,28,9,,,
5aafe2bd-2dbb-4115-a42c-02fdd7d7e6c1,education.zip,premium,82,28,9,,,
8381fe7d-2066-4c5a-84fd-6503d74b370a,learning.storage,available,76,32,8,,,
e29fcd6d-806c-4739-aafa-37822a286ab7,learning.store,premium,76,32,8,,,
352715be-2d0b-49fa-8d23-c683f5f63dd0,learning.stream,premium,76,32,8,,,
440ba207-a5ea-4c45-8736-d3e38f74bf00,learning.study,premium,76,32,8,,,
efc68749-652d-4234-99e9-cc3217f2c26e,learning.sucks,premium,76,32,8,,,
b9dd7f6e-9037-447a-b037-5d57e365c8a1,learning.supplies,available,76,32,8,,,
ff6703cd-1358-44a8-b18e-73ab202582bb,learning.surgery,available,76,32,8,,,
73694ff5-8d4d-4d22-8f47-44ea1ac3c974,learning.sydney,premium,76,32,8,,,
89d2b132-72bc-4da5-a25d-5562859346dc,learning.tattoo,available,76,32,8,,,
528cd9cc-e0c9-4162-9805-5ca2a65fd7ff,learning.team,resell,76,32,8,"DNSPod, Inc.",21/11/2018 16:18,21/11/2026 16:18
15b01ea5-9648-41c5-a4a2-4574f02ab96a,learning.tech,premium,76,32,8,,,
f938b98d-83fd-4a60-a802-ba3ad48a3af0,learning.tennis,premium,76,32,8,,,
290e8d34-8295-4dbb-bb50-fc5f0272fdaf,learning.theater,available,76,32,8,,,
30249623-818f-46c4-880e-40ed0f20e99b,learning.theatre,available,76,32,8,,,
bcf53fd9-1198-4984-99f2-963c3a3ac5c3,learning.tickets,available,76,32,8,,,
3a84b3d5-78c4-429d-83b3-ad793173b2dd,learning.tienda,available,76,32,8,,,
9315a242-839b-4b78-a18b-bd77facf11a3,learning.tires,available,76,32,8,,,
23bda5ec-d767-4fd0-8827-53aaf4e0ca5e,learning.today,resell,76,32,8,"GoDaddy.com, LLC",09/07/2015 05:24,09/07/2026 05:24
9be0b163-fe3d-4c09-8f9c-a638ad2e6e18,learning.top,resell,76,32,8,成都西维数码科技有限公司,02/02/2016 04:26,02/02/2026 04:26
9442274c-c42b-456d-b48e-42907dbc2ea5,learning.training,expired,76,32,8,"NameCheap, Inc.",01/10/2024 12:56,01/10/2025 12:56
9b946fdc-defa-46d6-9a58-fc31991e251c,learning.travel,available,76,32,8,,,
d2f0296a-549a-4e5b-bf51-043bb64e5b57,learning.tube,premium,76,32,8,,,
a3f0e928-050b-4ae0-adc6-55fc85f13d05,learning.tv,resell,76,32,8,InternetX GmbH,18/03/2010 17:14,18/03/2026 17:14
c0a17d24-76b0-428a-b478-3d0d4e3c149c,learning.uk,resell,76,32,8,Fasthosts Internet Ltd,20/04/2015 14:47,20/04/2026 14:47
0129e4a2-36b2-4362-adae-377b52d0bc37,learning.uno,premium,76,32,8,,,
685c311c-1424-431e-8830-ac85232d8e88,learning.vacations,premium,76,32,8,,,
4b53a86b-2596-422e-b59b-39444d0b50ef,learning.vana,available,76,32,8,,,
3f69055f-fdba-4f99-a238-aabe5f602194,learning.vc,resell,76,32,8,Dynadot Inc,29/03/2017 21:01,29/03/2027 21:01
3038f839-cf02-46c4-97f3-6f85ea59d3c5,learning.vegas,available,76,32,8,,,
ad175e94-80f8-4a5b-a983-6a14c7f33fef,learning.ventures,expiring,76,32,8,Squarespace Domains II LLC,26/12/2017 01:15,26/12/2025 01:15
b07d0690-3af1-41de-80a8-d9c0a131e599,learning.vet,expiring,76,32,8,"Key-Systems, LLC",11/12/2014 08:07,11/12/2025 08:07
c7a22347-7e3c-4263-8963-92726896e82d,learning.viajes,available,76,32,8,,,
54328375-50b1-4285-b9d3-ff0fa095ec29,learning.video,premium,76,32,8,,,
b832915e-5af4-4d95-9534-0833044d4128,learning.villas,available,76,32,8,,,
0da0e2e5-09b7-4ec4-b09a-67f9fe240831,learning.vision,resell,76,32,8,"Sav.com, LLC",15/01/2025 22:27,15/01/2026 22:27
bad062e5-49a2-4a84-991e-06f60ea3b5aa,learning.vodka,premium,76,32,8,,,
0dc1b90d-7a4c-42a1-bccd-517cbfda061f,learning.vote,available,76,32,8,,,
96d34329-13a3-4262-a18b-a47ea1a67927,learning.voting,available,76,32,8,,,
3aaf7baf-087f-4ea8-abdf-b64fea3675a1,learning.voto,available,76,32,8,,,
e5e69931-14fa-48d6-a92e-491db9f9fe67,learning.webcam,premium,76,32,8,,,
a68c704e-c384-4a3c-8297-3803d4f1f7af,learning.website,premium,76,32,8,,,
b5567419-72b4-4f52-99ce-fefd832e4092,learning.wedding,available,76,32,8,,,
17c02381-86b4-4503-a909-d46b56089223,learning.wiki,resell,76,32,8,Alibaba Cloud Computing Ltd. d/b/a HiChina (www.net.cn),15/07/2024 00:00,15/07/2026 00:00
1fedd184-33d6-45f2-906d-8f5bc3c2b58e,learning.win,premium,76,32,8,,,
327a9fb8-1e6d-4ac9-a4ee-4f45fe913a3b,learning.wine,available,76,32,8,,,
3f2f1e03-0e8e-40fd-aa52-4159e0cff2cb,learning.work,resell,76,32,8,"Chengdu West Dimension Digital Technology Co., Ltd.",02/11/2023 00:00,02/11/2026 00:00
2ddd0099-2f15-47e6-b816-fdc4266a45c1,learning.wtf,resell,76,32,8,Dynadot Inc,17/06/2025 17:00,17/06/2026 17:00
4053eade-c6ce-484d-a16a-7ccf1b991f0c,learning.xyz,premium,76,32,8,,,
91ba9fe1-fb77-4957-8191-f9fbfac774d3,learning.yachts,available,76,32,8,,,
719354e1-a0b6-420a-b5d6-a2a8a6bbe2e6,learning.zip,premium,76,32,8,,,
2a4e50be-b59d-4aea-af1f-7860bcdfb388,learning.zone,resell,76,32,8,"DNSPod, Inc.",21/11/2018 16:17,21/11/2026 16:17
c35d9a6b-d6bd-4d4e-be76-928a64eb5199,learn.ing,premium,82,32,8,,,
2c1dd1c1-e1ac-489f-ad80-15a09217372d,learning.academy,resell,76,32,8,Dynadot Inc,30/07/2015 01:11,30/07/2026 01:11
3506e223-9ee5-431d-a0be-040ffbf7dc75,learning.accountant,premium,76,32,8,,,
29cb8788-2da9-43cc-8178-2944935cd64d,learning.accountants,available,76,32,8,,,
e9ade42b-5cd9-456b-8d1a-a3100dc178f5,learning.actor,available,76,32,8,,,
24135542-3286-4351-b1a0-fc7377c92b2b,learning.adult,available,76,32,8,,,
e428dbea-41f1-4f87-b5cd-e1151434e96b,learning.ai,sold,76,32,8,Porkbun LLC,16/12/2017 00:46,19/01/2027 00:46
33fd69a9-2e04-4627-a857-c552498b1752,learning.airforce,available,76,32,8,,,
c17410f5-e4e1-4dd9-8d19-f63ac8397eb5,learning.apartments,available,76,32,8,,,
61f8f8cd-12e3-4834-842d-f1f1a56efce3,learning.archi,available,76,32,8,,,
b5f4727c-290c-4888-8eaa-c98e761c2a4a,learning.army,available,76,32,8,,,
27c51195-4934-419b-a020-09e88cd5c9eb,learning.asia,resell,76,32,8,"GoDaddy.com, LLC",01/08/2008 05:02,01/08/2026 05:02
a34543c6-c92c-4041-b22b-ee93ee28316b,learning.associates,resell,76,32,8,"NameSilo, LLC",29/10/2022 21:29,29/10/2026 21:29
92980c71-2ab8-45cc-a099-fdca1b6d9348,learning.at,sold,76,32,8,DAY Investments GmbH ( https://nic.at/registrar/485 ),,
2606cfa6-afe7-41f4-9d89-127919c9f555,learning.attorney,premium,76,32,8,,,
99137713-2726-40b6-a54d-712a66f63ca6,learning.auction,available,76,32,8,,,
afafd7c2-4613-4689-9654-28e42f51748c,learning.audio,available,76,32,8,,,
e368a3f4-37a6-4951-8913-bd3e1b3dfdff,learning.auto,available,76,32,8,,,
a040415e-3932-4bce-981c-ebac19e7c87b,learning.autos,resell,76,32,8,"Spaceship, Inc.",29/10/2022 21:22,29/10/2026 23:59
156fdbff-9ff5-49e6-893e-3ec179340fc7,learning.baby,expiring,76,32,8,"GMO Internet Group, Inc. d/b/a Onamae.com	",26/12/2022 08:31,26/12/2025 23:59
bb79e975-1315-4fd9-8457-10a4225ae3b9,learning.band,available,76,32,8,,,
b6dcccb8-f1c8-4594-a87c-7b7853620986,learning.bar,premium,76,32,8,,,
d8ba9e18-716d-434a-8ca3-ac8f0d621771,learning.bargains,available,76,32,8,,,
faf7d9fe-4927-4153-ba6b-4412cf322635,learning.bayern,available,76,32,8,,,
d5a3940d-3ce2-408f-902b-fc7e5e424737,learning.beauty,resell,76,32,8,"Spaceship, Inc.",05/12/2024 13:15,05/12/2026 23:59
4ac43a37-9f21-42f3-8d8a-38c784b93aa6,learning.beer,available,76,32,8,,,
43520eda-36d9-4563-b358-408a08a707c1,learning.bet,expiring,76,32,8,"GoDaddy.com, LLC",07/01/2022 17:59,07/01/2026 17:59
19c8f596-09d6-4d60-b875-6aaf0fe52a55,learning.bid,available,76,32,8,,,
12498bfa-7ac6-4f09-b6cc-dd2e160857c2,learning.bike,available,76,32,8,,,
8e85c4b3-0421-425a-9396-cb60ad8149c8,learning.bingo,available,76,32,8,,,
6b79c238-7728-4104-bc53-756915f24b83,learning.black,available,76,32,8,,,
3fff252d-939d-4363-8511-216675e40149,learning.blackfriday,available,76,32,8,,,
305b4f56-2d70-458c-9142-39d2f3f5ea70,learning.blog,premium,76,32,8,,,
6267fd7c-c791-4bc4-b86d-2c6f1c75c7a5,learning.blue,resell,76,32,8,"Sav.com, LLC - 21",10/02/2025 15:16,10/02/2026 15:16
6bec06dc-3f07-467e-97ee-1c1f512b2adf,learning.boats,available,76,32,8,,,
e784ab2c-4e6d-4e32-83e4-0b5eb8e53c28,learning.bond,premium,76,32,8,,,
06b0eaf3-2e42-49d3-92c4-9665cc3b93cb,learning.boo,premium,76,32,8,,,
47006119-2d01-4d21-b8d3-2f4f3ad81625,learning.boston,premium,76,32,8,,,
05dee33f-b783-4903-b3eb-eed3a616e44d,learning.build,premium,76,32,8,,,
4d2b5194-aaa7-4261-92d1-6361b5526d38,learning.builders,available,76,32,8,,,
55de830b-5dc1-4075-ab1f-c600acf0921c,learning.buzz,premium,76,32,8,,,
0bc64ba7-0079-4517-8c50-a1996bb3b388,learning.bz,available,76,32,8,,,
b792e712-bec9-4567-ba3e-f2de28833702,learning.cab,available,76,32,8,,,
7f17fdf9-f4cc-4e66-8644-a031d15faa3b,learning.camera,resell,76,32,8,"GoDaddy.com, LLC",20/08/2015 23:38,20/08/2027 23:38
c5b2ad46-2e89-4d17-8d08-d00d65d945d3,learning.camp,premium,76,32,8,,,
85e03f78-1ba2-4366-a0ef-9dc11e97bdca,learning.car,available,76,32,8,,,
2a556062-08fd-49eb-8e79-8463470daf1e,learning.careers,available,76,32,8,,,
6bab45f6-7ad4-4582-ba0b-3d8b59f873ed,learning.cars,available,76,32,8,,,
43016aa5-2420-4d2c-9686-eaa9e5914f87,learning.cash,resell,76,32,8,"DNSPod, Inc.",22/10/2021 13:15,22/10/2026 13:15
1b441b15-9194-411d-a2bc-b04b4d195a5a,learning.casino,available,76,32,8,,,
7916cb41-00e6-405f-bc3c-8e8a414b63ba,learning.catering,available,76,32,8,,,
f0efa918-35bc-4e6f-81e4-3745def90564,learning.cc,resell,76,32,8,Dynadot15 LLC,18/06/2020 08:00,18/06/2026 08:00
c6b34075-bb08-45e5-8582-c57ad162d44f,learning.cfd,premium,76,32,8,,,
340d5798-b2bf-42b9-81e7-c775a51761b5,learning.chat,expiring,76,32,8,"DNSPod, Inc.",03/01/2020 02:22,03/01/2026 02:22
9470436b-afaa-483f-b870-ed89183b5a0e,learning.city,expiring,76,32,8,"Xiamen ChinaSource Internet Service Co., Ltd",04/01/2021 08:21,04/01/2026 08:21
124d35ba-8130-4c22-8678-a2cc9c400205,learning.claims,available,76,32,8,,,
9e77e132-16f0-4394-a5e2-4135cb624b7a,learning.cleaning,available,76,32,8,,,
7ecad1eb-963a-4a35-97d3-47d2c37e9e03,learning.clinic,premium,76,32,8,,,
194be50e-5c4b-47e8-a8cc-0d8d4548ec1f,learning.clothing,available,76,32,8,,,
79323d74-dfac-4206-ad5c-99fc7e1426f3,learning.cloud,premium,76,32,8,,,
ee4156d5-e8fe-4dc1-84f0-2bc6b80568a6,learning.club,resell,76,32,8,Dynadot Inc,15/04/2017 22:23,15/04/2026 22:23
46bfac23-ad05-4cb1-b432-bd2beebcd809,learning.codes,resell,76,32,8,"Sav.com, LLC - 46",07/03/2025 15:15,07/03/2026 15:15
c40c4a35-3174-4789-b8dd-013064ab47a4,learning.coffee,available,76,32,8,,,
f282a9fc-1043-405e-b0d1-50b61e42829d,learning.college,premium,76,32,8,,,
316895ee-3f2b-47f9-99f4-f63d61070167,learning.company,resell,76,32,8,"GoDaddy.com, LLC",25/06/2015 20:56,25/06/2026 20:56
57778fbf-04de-488c-9d8a-93efa562d8e3,learning.condos,available,76,32,8,,,
b55fdbef-ac42-48bf-a1a2-cba2b72a7fd9,learning.construction,available,76,32,8,,,
b61d12aa-22b2-4caa-af98-8b2ddb55d796,learning.contact,available,76,32,8,,,
8ec10ead-85e1-4816-bf47-6b42fff9b0e3,learning.contractors,available,76,32,8,,,
72a2edc1-7030-46e8-9baf-8635941ee859,learning.cooking,available,76,32,8,,,
508c6635-8876-426c-8c23-009565bf0f76,learning.country,available,76,32,8,,,
55b15fee-26d9-4d6f-b849-5a36650dbf37,learning.courses,premium,76,32,8,,,
478a6b32-2ca6-43c9-9958-aa04660ac886,learning.credit,available,76,32,8,,,
43775bad-80bd-457d-b9f9-acc9ef0ad1f8,learning.creditcard,available,76,32,8,,,
7f397251-0fe9-41c8-a5e0-2e77f4fd869e,learning.cricket,premium,76,32,8,,,
3d62b2d2-577c-42ad-ab39-73a3363405cf,learning.cruises,available,76,32,8,,,
58d2a50a-63fb-49c5-b987-6af8d8fff971,learning.cv,premium,76,32,8,,,
3599e839-08ab-4b6b-aff3-2868e782aa72,learning.cyou,expired,76,32,8,Namecheap,26/09/2024 19:42,26/09/2025 23:59
8fc8369e-1d4b-4cd9-9377-9a71e305b7e6,learning.dad,premium,76,32,8,,,
694fd755-28a0-479a-918a-0bd0d23ba5a7,learning.dance,premium,76,32,8,,,
982a87f5-1fdc-413c-b96e-97c75bbe7b85,learning.date,premium,76,32,8,,,
7feb0ebc-5975-40a7-9590-dffa854d1858,learning.dating,available,76,32,8,,,
0da87e9e-351d-4e9e-970c-02d01d6b7d69,learning.dealer,premium,76,32,8,,,
8face361-2cc6-42c1-bbdc-1d7ec7bd7a8f,learning.degree,available,76,32,8,,,
2fab2957-fac3-4daf-adb8-1a9049e04a4c,learning.democrat,available,76,32,8,,,
2f2367dc-d0f1-4285-9c43-3e70571b7599,learning.dentist,available,76,32,8,,,
bebfd034-126f-41cd-81e9-f79e1ad96697,learning.diamonds,available,76,32,8,,,
997a9c41-1723-4f92-bfc0-90a146f734d9,learning.diet,available,76,32,8,,,
67b87bdf-f6c4-4961-84c0-55892b029e03,learning.digital,resell,76,32,8,Dynadot Inc,07/02/2023 18:11,07/02/2026 18:11
75732030-5e0a-4ff6-9b22-39f03bf546ce,learning.discount,available,76,32,8,,,
45b76d91-a23d-485c-88f3-f4cc3d6fa10b,learning.doctor,available,76,32,8,,,
672dd10e-fc07-4a26-8661-ed12bc6698c6,learning.domains,resell,76,32,8,"GoDaddy.com, LLC",13/03/2014 01:40,13/03/2029 01:40
0be803c5-63c0-45d7-89ea-a05a9a5c3ecd,learning.download,premium,76,32,8,,,
e34bed35-9267-4b60-9d1b-b2b32eb6b2e0,learning.equipment,available,76,32,8,,,
c76a5811-116e-4ee1-b694-154b31bc98cf,learning.esq,premium,76,32,8,,,
654a5bdd-58fa-4320-a0fa-32a5b4190d77,learning.estate,available,76,32,8,,,
e6aa8114-e99e-4150-b85a-1c7d12415915,learning.express,resell,76,32,8,"GoDaddy.com, LLC",26/02/2017 11:06,26/02/2026 11:06
8bf06ccb-67da-4aa4-bef1-f8d9b4b2de31,learning.faith,available,76,32,8,,,
d9e0fdfc-1cee-49fb-8b8e-4b867e4aaf5c,learning.fans,premium,76,32,8,,,
0d6fd80c-74bf-4b42-9787-11706b5f26ff,learning.farm,resell,76,32,8,"Sav.com, LLC",07/07/2025 17:07,07/07/2026 17:07
a0acb867-09f9-4bdd-955f-574ea0b4c79a,learning.fashion,expired,76,32,8,"NameCheap, Inc.",05/10/2024 18:45,05/10/2025 18:45
6c4e717a-c9fa-446f-84d0-aa4b29a8b907,learning.film,premium,76,32,8,,,
118c84ff-4fbc-446d-adf8-12f6ffff281c,learning.finance,expired,76,32,8,Dynadot Inc,26/09/2024 17:00,26/09/2025 17:00
c2ff06e3-a7ed-4300-ae5a-3620e665e369,learning.fish,available,76,32,8,,,
ec51e435-d9a9-4948-b927-ea6916d1d7ad,learning.fishing,available,76,32,8,,,
b016b33f-0560-42e9-ba5d-0193ced957d9,learning.fit,resell,76,32,8,"Chengdu West Dimension Digital Technology Co., Ltd.",06/09/2022 01:28,06/09/2026 01:28
bc7f88bd-733d-47de-90b6-2f32fa1e8691,learning.fitness,resell,76,32,8,"Sav.com, LLC - 46",10/09/2025 15:15,10/09/2026 15:15
c2d5782a-f32d-4aa9-8c05-c92eab981fbe,learning.flights,available,76,32,8,,,
fbb16fb4-0735-4aa8-a0a0-22cf7da0a75c,learning.florist,available,76,32,8,,,
a4f4a51e-9f2a-4371-830c-5db86a9ab460,learning.flowers,available,76,32,8,,,
45afe904-63f9-4fb6-91d0-98b902b70fcc,learning.fm,premium,76,32,8,,,
0e2e7d47-4448-4616-8b2b-8684d98e0bbd,learning.foo,premium,76,32,8,,,
ce2aac55-c6a5-418b-9580-a93896cdec4c,learning.food,resell,76,32,8,"Dynadot, LLC",24/06/2025 00:07,24/06/2026 00:07
67e3d534-309e-4d1e-94c5-605216143991,learning.forsale,available,76,32,8,,,
4504ffa1-d6cc-4fa7-a45c-0a418ef4970e,learning.free,premium,76,32,8,,,
9308afdd-5263-44dc-81a6-b46cb499998f,learning.fun,premium,76,32,8,,,
e8885f7c-7460-4be0-abf1-32373071e5f0,learning.fund,resell,76,32,8,"DNSPod, Inc.",10/02/2019 17:00,10/02/2026 17:00
8f4e73c8-158e-471e-bcd5-57674c92ade7,learning.furniture,available,76,32,8,,,
5fd9128a-dd74-4393-b49a-d57e161e8a1c,learning.futbol,available,76,32,8,,,
2983716e-92fe-4980-983e-36841b379b6c,learning.gallery,available,76,32,8,,,
b49e6f8b-f244-4395-8bcf-f3c7f5195e82,learning.game,available,76,32,8,,,
2959dffd-f021-464e-8233-2da9cce43eef,learning.games,resell,76,32,8,"GoDaddy.com, LLC",12/09/2016 18:21,12/09/2026 18:21
c6afdc4f-e1d3-493a-ab95-3849ba5c4b71,learning.gay,available,76,32,8,,,
4cb119fb-c8e5-46d7-9ab5-80b89e4eff6b,learning.gg,resell,76,32,8,West263 International Limited (http://www.west263.hk),,
4bcdf952-7a14-4ba9-93e3-e7c8fe65e013,learning.gift,available,76,32,8,,,
75567679-cbca-45d9-826b-1fcb18a87b12,learning.gifts,premium,76,32,8,,,
defa562e-df42-46ee-8276-c90770009c3b,learning.giving,available,76,32,8,,,
b76f4134-6355-405f-b37a-d87c3883dc32,learning.gmbh,available,76,32,8,,,
c6eaf9b4-9c44-452e-ae4b-2ed16a46ac2c,learning.gold,resell,76,32,8,"DNSPod, Inc.",24/04/2019 19:22,24/04/2026 19:22
d1a9339a-a883-49c6-ac6e-30a15858daf1,learning.golf,available,76,32,8,,,
cf0360fe-ef31-44e9-b63f-86877623a8e7,learning.gratis,expired,76,32,8,"NameCheap, Inc.",05/10/2024 18:13,05/10/2025 18:13
40c22ffb-e853-4f53-ad01-f2ae6c97e753,learning.green,premium,76,32,8,,,
cbd2b979-ee28-46f6-a1c6-7c1b28aac65d,learning.gripe,available,76,32,8,,,
9d0756d0-279a-4327-bc7d-0e5cb78cd145,learning.group,resell,76,32,8,"Go Canada Domains, LLC",08/06/2016 16:00,08/06/2026 16:00
a6f30b2a-fcec-4174-bff9-b5b264265d7e,learning.guitars,available,76,32,8,,,
7a2dd22f-969e-4683-92ea-2ecb6526bf29,learning.health,premium,76,32,8,,,
3e6d99bf-9307-4e0c-ad89-a1f1fe852fbf,learning.healthcare,available,76,32,8,,,
6163f979-13ab-4892-941c-c94e16abe91a,learning.hiphop,premium,76,32,8,,,
0541e7cf-d9cd-461e-b7fb-72f8902ca4e0,learning.hiv,available,76,32,8,,,
c73b9668-4efe-4a4e-9f26-f2b2bf6160bc,learning.hockey,available,76,32,8,,,
d3905f5b-2365-4aff-a428-ba3d09f6198d,learning.holdings,available,76,32,8,,,
24d7d824-6628-4e60-9bd8-a40dd9ed8f34,learning.holiday,available,76,32,8,,,
f0e639dc-8f4c-4469-a73e-3043a7a0b9dc,learning.homes,expired,76,32,8,"Spaceship, Inc.",18/10/2024 01:46,18/10/2025 23:59
c9d27d7a-9a91-443e-ae8b-5b21339c24e2,learning.hospital,available,76,32,8,,,
e796b84e-22d6-4c66-a9c0-6235513ccc6e,learning.host,premium,76,32,8,,,
61afc2ae-13f1-4a78-90d0-642e9536d1bc,learning.hosting,available,76,32,8,,,
81c7628f-5d49-4ded-9114-b91377d0a0d7,learning.hot,premium,76,32,8,,,
b6470a7e-659e-4584-991d-d87af0e69b1a,learning.icu,expiring,76,32,8,Key-Systems LLC,04/01/2021 20:47,04/01/2026 23:59
c7dfc73e-d580-43ba-9afb-8b940194386b,learning.im,premium,76,32,8,,,
9f5466d3-b7a4-44ae-a6a9-07260c9c9710,learning.immo,available,76,32,8,,,
ecedf45b-fbb1-4167-a7f7-c2db89e1f7cb,learning.immobilien,available,76,32,8,,,
db9c2280-d5a3-43b2-a05e-29adb2d3b53a,learning.in,resell,76,32,8,Endurance Digital Domain Technology Private Limited,16/02/2005 06:43,16/02/2028 06:43
02b1078c-6c9c-476a-9e80-083ed93a87f4,learning.info,resell,76,32,8,"NameCheap, Inc.",13/07/2002 19:39,13/07/2030 19:39
573872cf-1970-4cfb-b7f1-5c42f3a82b09,learning.ing,premium,76,32,8,,,
5f99b8c9-0c13-4c28-ac16-e07250105bf1,learning.ink,resell,76,32,8,"Xiamen ChinaSource Internet Service Co., Ltd",15/11/2025 00:00,15/11/2026 00:00
1572f6ea-8934-4da8-ab3e-8c616013f9c9,learning.institute,resell,76,32,8,"Spaceship, Inc.",15/07/2015 16:00,15/07/2026 16:00
5b4b86be-39a4-4e52-975e-00ca6d27ad3e,learning.insure,available,76,32,8,,,
3c317334-e86a-4377-a2ac-5fe8d45dcdd5,learning.investments,premium,76,32,8,,,
e59f67f6-e306-4804-8cf8-2b00e82c12a6,learning.io,expiring,76,32,8,Porkbun LLC,11/12/2017 01:11,11/12/2025 01:11
dfcc7cff-4636-480d-9e0d-663134d7e866,learning.jetzt,available,76,32,8,,,
eaa7c4f3-2b5e-411f-9219-c5707ca9792a,learning.jewelry,available,76,32,8,,,
ecaac9b2-58a4-426f-8d52-391d3aa5a8b8,learning.juegos,available,76,32,8,,,
b446b434-e8f4-43ed-9c6c-3257e9c6efad,learning.kaufen,available,76,32,8,,,
b76e7813-1bb3-4198-8e13-57605211304f,learning.kim,resell,76,32,8,Dynadot Inc,22/06/2025 17:00,22/06/2026 17:00
fa6576c5-0a7f-4dca-a75a-592ef0ae7ae9,learning.kitchen,available,76,32,8,,,
575188d6-50b4-4e1b-a9db-2dfa35c82fcd,learning.lat,resell,76,32,8,Dynadot LLC,06/10/2025 06:45,06/10/2026 23:59
cd3a90ab-e12d-4b4b-a96d-f16f6dff4284,learning.law,available,76,32,8,,,
33114c4a-cfd9-4d66-95fb-87c2a74d6d74,learning.lawyer,premium,76,32,8,,,
659c0ff9-a82f-45b3-a300-a23bfb8bf20a,learning.lease,available,76,32,8,,,
a8727281-0377-40d3-972b-87d42d2582f8,learning.legal,expiring,76,32,8,"GoDaddy.com, LLC",22/12/2023 20:23,22/12/2025 20:23
62ed4a53-82d0-408d-8a8c-2cfc3c8a482f,learning.lifestyle,available,76,32,8,,,
6db0dea8-a34b-43bf-a9fe-1ef16978952a,learning.lighting,available,76,32,8,,,
abe2a740-213b-4cda-9ba1-7e77d85065d6,learning.limited,available,76,32,8,,,
7d1059fa-c25e-4d76-8185-3ec2e5722867,learning.limo,available,76,32,8,,,
e61807c3-beb4-49eb-b74e-7639b6842644,learning.live,premium,76,32,8,,,
75bbf503-adb5-451f-9842-36fb7feeaa62,learning.living,available,76,32,8,,,
a10a8a8a-10dc-4061-9d04-a118d07dbd69,learning.llc,premium,76,32,8,,,
eac2263f-ceac-4425-9eae-4be07ec137c3,learning.loan,premium,76,32,8,,,
6e3902dc-89a1-4e63-a9d1-7e5b7e63f7df,learning.loans,available,76,32,8,,,
af3ab018-b685-4368-b9b8-545f7d44f479,learning.locker,premium,76,32,8,,,
eb98590a-1686-4e1b-ab91-c26d6680bd29,learning.lol,expired,76,32,8,"Spaceship, Inc.",24/10/2024 00:14,24/10/2025 23:59
d522cbcf-12e1-442e-8866-9ecb6de63bf5,learning.london,premium,76,32,8,,,
ae66e93c-695d-417b-a607-41611b8b0bb4,learning.love,premium,76,32,8,,,
57ee490e-23c3-4808-ad85-cefbe024678b,learning.ltd,resell,76,32,8,"DNSPod, Inc.",09/11/2021 13:15,09/11/2026 13:15
c3beb882-0e0f-4ae3-8560-09228a1f3ea3,learning.ltda,premium,76,32,8,,,
955d0b51-03c6-4b8f-bdb1-64698e27da64,learning.luxe,available,76,32,8,,,
a06c3329-990e-47e5-8c8b-63e96df4cc16,learning.luxury,available,76,32,8,,,
499d5a19-e3a3-4eec-931b-459c5ece8425,learning.maison,available,76,32,8,,,
978bc3a6-91d0-41bc-978f-3531624a6ff0,learning.makeup,resell,76,32,8,"Xiamen ChinaSource Internet Service Co., Ltd",06/03/2025 16:38,06/03/2026 23:59
4a390756-6a21-4e5d-991a-4e206d49966c,learning.management,resell,76,32,8,"Spaceship, Inc.",30/03/2022 13:15,30/03/2026 13:15
0ccbd5b3-4d9f-4392-9b2a-30d6576132f5,learning.market,premium,76,32,8,,,
37c53a72-0847-442f-9590-6cf9aa040277,learning.me,premium,76,32,8,,,
7e1ae333-5fa2-4aea-a271-1d5f464ea1f8,learning.media,resell,76,32,8,"Chengdu West Dimension Digital Technology Co., Ltd.",14/01/2020 18:57,14/01/2026 18:57
443fbbae-f703-46e0-b505-9e5af08ca43a,learning.melbourne,premium,76,32,8,,,
c0551a2a-1b8b-44b4-a389-348400b54529,learning.meme,premium,76,32,8,,,
f1a938e0-b450-4f6e-872b-525d60a4b6f0,learning.memorial,available,76,32,8,,,
b919b7d7-c654-4f2b-ae9a-75481ef3c47e,learning.men,premium,76,32,8,,,
2a3b1d99-d436-4d17-b0fd-41bba7270930,learning.menu,expiring,76,32,8,"eNom, LLC",30/12/2014 07:55,30/12/2025 07:55
4f221600-7ca0-416a-809c-7ddc04789be3,learning.miami,premium,76,32,8,,,
037af21f-f087-47d6-ab82-0828ca71a1c9,learning.mobi,premium,76,32,8,,,
206b9db3-2d67-4a12-94ab-d91e33f82193,learning.moda,premium,76,32,8,,,
cec48964-489c-4041-8870-00e862cb6086,learning.mortgage,premium,76,32,8,,,
8be652f8-a3d3-4dbc-8b4e-19b4076597fb,learning.motorcycles,available,76,32,8,,,
1f71970e-996c-4205-ba75-55677bb6ee47,learning.mov,premium,76,32,8,,,
ac83de3c-2e8e-4c33-84a5-449d4e4cb1c0,learning.movie,available,76,32,8,,,
cc9bf815-703b-483e-a830-549962b11a80,learning.music,premium,76,32,8,,,
8adbb45d-c207-4dcd-bbf5-930c9f84d8bd,learning.name,available,76,32,8,,,
d197df04-8971-40e9-afb4-a32d17377a39,learning.navy,available,76,32,8,,,
4fe27164-0aae-4941-8a68-f090176002c3,learning.news,expired,76,32,8,"Sav.com, LLC - 7",10/10/2024 17:00,10/10/2025 17:00
ae60daeb-2175-4304-9d5d-4e8e7415609a,learning.nexus,premium,76,32,8,,,
b7e1eea7-11a5-49a2-80dc-87253bcaeaf7,learning.ngo,premium,76,32,8,,,
b5f6bd3d-ad95-4732-99a5-a80a3220e425,learning.nyc,premium,76,32,8,,,
8e22560b-4ecf-482f-8b29-93d0690155ab,learning.observer,premium,76,32,8,,,
28908992-d401-4dde-93bc-4f546167aa22,learning.one,premium,76,32,8,,,
4c48b688-0165-401a-94f8-de6f16a3eaa6,learning.ong,premium,76,32,8,,,
8e9c86b5-3ff0-4f01-ae05-8d69ce01017e,learning.online,premium,76,32,8,,,
8e34914b-8763-4886-a624-24ba2a096599,learning.ooo,available,76,32,8,,,
527d81b7-615c-444e-8339-810a50f5e8da,learning.organic,available,76,32,8,,,
1592abb0-bcc2-4a49-adcd-f48186bdd9f5,learning.osaka,available,76,32,8,,,
f785ba64-7870-4438-abbd-3b1cc43d9031,learning.page,premium,76,32,8,,,
7b9dff4c-9a0c-4315-803f-450470755b68,learning.partners,resell,76,32,8,"Sav.com, LLC",11/09/2025 10:37,11/09/2026 10:37
d2b42b08-a579-43d5-a58d-dbd13a01900f,learning.parts,available,76,32,8,,,
689ceecd-369d-45e2-bfea-387209407a1d,learning.pet,premium,76,32,8,,,
b514b638-0d9d-4a07-a760-4a5ead9823dc,learning.phd,premium,76,32,8,,,
4460536b-ebe9-46f1-a1ee-01ae56c429bb,learning.photo,premium,76,32,8,,,
7f7a3926-7191-4946-b436-f454aa884584,learning.pics,expiring,76,32,8,"Spaceship, Inc.",24/12/2024 16:19,24/12/2025 23:59
5ad76a7d-2538-49ee-9f6b-d1d435a8e61e,learning.pictures,available,76,32,8,,,
272a5f3d-1e54-4cbb-a1be-d1735877b725,learning.pink,premium,76,32,8,,,
64547f4e-0c62-45bd-a26b-08c648efff38,learning.pizza,available,76,32,8,,,
eec1a331-51a0-49cc-ae64-650e65370ca4,learning.place,expired,76,32,8,"GoDaddy.com, LLC",30/10/2017 00:52,30/10/2025 00:52
de3b2aa0-e4cd-46ed-9147-763ea041a39a,learning.plumbing,available,76,32,8,,,
aac96fac-41cd-4cf5-9b2b-fbc9d0dfce7d,learning.plus,expiring,76,32,8,Alibaba Cloud Computing Ltd. d/b/a HiChina (www.net.cn),08/01/2020 07:29,08/01/2026 07:29
522462ed-f34c-4216-9f31-61c8cd9de3aa,learning.poker,resell,76,32,8,1API GmbH,21/04/2015 19:31,21/04/2026 19:31
e91696ad-5d4e-4f92-8f84-3f99607f0c78,learning.porn,available,76,32,8,,,
0076dc4f-ff90-4c0f-8604-d13533d1a550,learning.press,premium,76,32,8,,,
b9dfd59e-2f50-4580-a634-b31bda110b12,learning.pro,expiring,76,32,8,"NameSilo, LLC",09/07/2013 01:39,09/07/2025 01:39
c885be2e-ea46-47ad-813d-6c45f3ef656d,learning.prof,premium,76,32,8,,,
6a05e99e-03a8-41bf-9a5f-d0245813714f,learning.promo,available,76,32,8,,,
d55411c1-24c3-427a-bf7c-d9f2e047f42b,learning.properties,available,76,32,8,,,
200a7e9f-51b9-406c-9b10-c66040565c4a,learning.property,premium,76,32,8,,,
5b72c814-c8bb-4e30-be92-e4306fe0f77c,learning.protection,available,76,32,8,,,
e201189d-eed7-48d1-b8d7-fca4f179789d,learning.pw,resell,76,32,8,"Xiamen ChinaSource Internet Service Co., Ltd",16/11/2023 00:48,16/11/2026 23:59
a538e83d-cb21-412b-85a7-767053745533,learning.qpon,available,76,32,8,,,
3ec00d97-35ae-4d65-a006-5394193dbe24,learning.quest,resell,76,32,8,"Spaceship, Inc.",02/03/2021 14:15,02/03/2026 23:59
9fb7e702-894b-4f0e-8593-68b41498ef77,learning.racing,premium,76,32,8,,,
2b0bbe1b-f19d-43a1-8d73-de11ab8543b0,learning.realty,available,76,32,8,,,
b923e6e2-3fcd-46f5-ab74-3ab7d006239e,learning.recipes,resell,76,32,8,Dynadot Inc,24/06/2025 00:07,24/06/2026 00:07
cbcdc06a-40df-445b-b445-6fefeec6b6e1,learning.red,resell,76,32,8,"Spaceship, Inc.",20/11/2023 17:00,20/11/2026 17:00
51f54f6e-3bf9-44d7-83e9-b8118be1b66e,learning.rehab,available,76,32,8,,,
1a6c287c-f4ab-468b-88db-288f38f23d64,learning.reise,available,76,32,8,,,
ac23ba99-ce94-4f7e-ab30-3b541d11d49a,learning.reisen,available,76,32,8,,,
d6581954-b26c-4376-bec7-33f9e3ba5b8e,learning.rent,available,76,32,8,,,
45d6300b-f564-488a-8171-bcc047683d32,learning.rentals,available,76,32,8,,,
615ad345-6fa5-481c-9d01-3ac5965eb55e,learning.repair,available,76,32,8,,,
4aadde66-4d2d-49d7-b98a-8a012f81d3fe,learning.republican,available,76,32,8,,,
54b4692c-d717-4c95-aef9-635fc2f3b7dc,learning.restaurant,available,76,32,8,,,
ce9ff3d3-68a9-4451-9124-7ffbc2f43135,learning.review,premium,76,32,8,,,
251503ab-105f-4fd7-8a3b-272f7382956b,learning.rich,available,76,32,8,,,
232af965-1316-42d7-86fe-028297b73fd8,learning.rip,available,76,32,8,,,
ed1327d1-85cb-4317-b6b4-4d3b4b72bb1a,learning.rodeo,available,76,32,8,,,
cdf2c0ae-ab20-40ec-813a-c95b723ededc,learning.rsvp,premium,76,32,8,,,
4480fc65-7423-4750-8c8a-c4c4832c75ea,learning.run,resell,76,32,8,Xin Net Technology Corporation,04/03/2024 15:15,04/03/2026 15:15
c69cf44b-ece8-42c8-8f0c-7cfc6ce91d2d,learning.sale,resell,76,32,8,"Sav.com, LLC - 10",17/03/2025 15:15,17/03/2026 15:15
ba93903d-16fc-4b7c-8890-3be3b314ca2d,learning.sarl,available,76,32,8,,,
9123f0c6-9164-403b-85e9-3e701a4d7763,learning.schule,available,76,32,8,,,
af5370ae-4f21-4961-8ce6-250350de52d4,learning.security,available,76,32,8,,,
a1a41485-489f-4008-b412-7b7643db07e6,learning.sexy,available,76,32,8,,,
84df3a90-a8cb-4b11-9498-9bbd410da9e9,learning.shiksha,premium,76,32,8,,,
8e0a17a4-0110-4885-b712-1336ab2da35b,learning.shoes,available,76,32,8,,,
7477ded3-e636-4816-b6b3-8da76bc88dd5,learning.shopping,available,76,32,8,,,
9dc960f6-8c4c-4e99-96ff-41f0c8c1a077,learning.show,resell,76,32,8,"DNSPod, Inc.",13/05/2018 02:07,13/05/2026 02:07
543cabfd-418b-4688-8090-5ae27a9e5a55,learning.singles,available,76,32,8,,,
330fcb2b-eb98-4c27-9a10-a59e7afda0e3,learning.site,premium,76,32,8,,,
f355b221-eaee-4c25-8cec-ba04848c0f1b,learning.ski,premium,76,32,8,,,
777e3309-99be-475d-8844-8bce6b7c9210,learning.skin,resell,76,32,8,"Sav.com, LLC - 19",05/05/2025 08:43,05/05/2026 23:59
2cf31850-f3d5-4183-a667-e30a4d54a1ab,learning.so,resell,76,32,8,NameCheap,19/08/2020 05:01,19/08/2025 05:01
7b736964-1608-4813-86e0-6b07b93fd34f,learning.soccer,available,76,32,8,,,
f2ef61ba-a50e-44d4-ac42-d17c12d008d7,learning.social,resell,76,32,8,"Sav.com, LLC - 23",17/02/2025 15:15,17/02/2026 15:15
bb751206-a5b6-42a8-84af-3bec1c1db1d6,learning.software,premium,76,32,8,,,
5b0262bb-ee48-4135-8742-7fb73ccc30e3,learning.solar,resell,76,32,8,"GoDaddy.com, LLC",26/02/2023 17:33,26/02/2026 17:33
b4fc1deb-aa83-4538-a6f9-3a3305743c60,learning.soy,premium,76,32,8,,,
9704c586-9388-4b5a-8b0d-65c34de898aa,learning.space,resell,76,32,8,Epik LLC,18/11/2016 08:14,18/11/2026 23:59
0053cbd0-fcc5-472a-8750-7f830be6494f,learning.srl,available,76,32,8,,,
54fcf5cb-771e-41c7-840a-806dc222dff8,instruction.ai,resell,56,80,11,Ewire,16/12/2017 01:01,07/12/2025 01:01
bc2479c8-2e1b-4da2-8972-24376d8dd5aa,instruction.app,premium,56,80,11,,,
1679493d-4344-4921-966c-d652a4e423d6,instruction.at,premium,56,80,11,,,
8b484547-3c32-4136-bfa9-9bbb14430efb,instruction.cloud,premium,56,80,11,,,
8789414a-9b45-4973-9caa-22ecf52f6d47,instruction.co,expiring,56,80,11,"GoDaddy.com, LLC",20/07/2010 18:24,19/07/2025 23:59
aa9a57e1-bcde-45a5-838d-8724b04e3967,instruction.dev,premium,56,80,11,,,
ca0341f6-a419-4899-aef2-385522d0e79d,instruction.expert,available,56,80,11,,,
30cec972-ee88-4c96-aae7-e64e9067b834,instruction.gg,available,56,80,11,,,
9f517f54-8d2a-4e34-b682-b358248e5403,instruction.net,expiring,56,80,11,Tucows Domains Inc.,18/07/1997 04:00,17/07/2025 04:00
8dad1a22-42de-49cf-9dfc-9352588e470e,instruction.ninja,available,56,80,11,,,
c0bcd857-e519-44bf-a1eb-91ab658c6b2b,instruction.online,premium,56,80,11,,,
8c303dce-c9bd-46bd-8f0e-8a401115a6c7,instruction.site,premium,56,80,11,,,
754526f0-4cf3-4d7b-936c-8f6997a610a7,instruction.so,available,56,80,11,,,
69935b48-e9fd-4a69-88ec-759f57cc269b,instruction.space,premium,56,80,11,,,
6c260447-4c38-41fb-96cb-ffef10adc9ed,instruction.store,premium,56,80,11,,,
0b08b33a-2df5-45ac-aa1c-3d29f299f693,instruction.tech,premium,56,80,11,,,
0fd83724-ef98-4b3a-bd8b-68486223dc71,instruction.us,resell,56,80,11,"GoDaddy.com, LLC",24/04/2002 14:18,23/04/2026 23:59
b045ea03-b253-4e3a-8fa2-3d087baa6592,instruction.zone,available,56,80,11,,,
a61850cb-3875-4850-9a26-946ee04df0ab,training.cloud,premium,70,88,8,,,
4bd4842f-4644-49d3-bf94-28348c943153,training.dev,premium,70,88,8,,,
754e0bd1-23d9-464d-9d21-764318381a8f,training.it,expiring,70,88,8,,10/01/1997 00:00,29/07/2025 00:00
ccf86dfe-f40c-434c-834a-9afe6c5231bb,training.me,premium,70,88,8,,,
eb7fee7e-142b-40b6-93fc-23f2425fb109,training.online,premium,70,88,8,,,
31888faf-8bae-474f-82c1-925be09c2d9a,training.pro,resell,70,88,8,Porkbun LLC,02/03/2005 00:00,02/03/2026 00:00
760afe27-3b6d-4338-8a25-810a7c7794aa,training.site,premium,70,88,8,,,
5c59e59e-bfc0-45e3-af89-b4db938d67bc,training.so,resell,70,88,8,SOSTEC TECHNOLOGIES_LR,19/06/2024 05:42,19/06/2026 05:42
fad07601-443b-46bc-b6e3-2f0cd412c2f4,training.space,premium,70,88,8,,,
9e0b49c6-34a9-4e12-93bc-2e0b8d8dec02,training.store,premium,70,88,8,,,
18904504-415a-4914-be80-bb6b17e784fe,training.tech,premium,70,88,8,,,
de4792cd-2f78-448d-808e-6cd9489997df,teaching.at,premium,66,84,8,,,
2d44114e-0f92-40d3-8bb1-723851e8d50b,teaching.cloud,premium,66,84,8,,,
aa0d80da-4de5-4a54-aba9-f10b69850dd0,teaching.expert,available,66,84,8,,,
acf1be34-f19e-45f0-b2f0-e5391b383052,teaching.gg,available,66,84,8,,,
9e538b4d-7079-48d7-818d-c7122b9c399e,teaching.it,expired,66,84,8,,28/06/2015 16:00,04/07/2025 00:00
7d5101b7-f18f-464d-886c-befbe154cfa9,teaching.ninja,available,66,84,8,,,
f7c07c77-bf91-4d87-8189-65164b1979a3,teaching.online,premium,66,84,8,,,
59776852-81ec-4cc3-ba08-6385979e35fe,teaching.pro,resell,66,84,8,Dynadot Inc,04/02/2018 10:07,04/02/2026 10:07
2397fc71-244e-4316-a359-c10c40efc022,teaching.site,premium,66,84,8,,,
c139a891-eebc-49cb-b4f8-829b18f827cf,teaching.so,available,66,84,8,,,
af53bfec-6f77-412d-be3c-b9194c483c11,teaching.space,premium,66,84,8,,,
5ab6d67e-68d3-4406-8988-da80c73ae99e,teaching.store,premium,66,84,8,,,
a56c64eb-a186-4d37-8058-e1f105fc0b97,teaching.tech,premium,66,84,8,,,
869b2fa8-d9f5-4377-b54c-baffa72c431b,teaching.xyz,resell,66,84,8,"Go Daddy, LLC",02/06/2014 16:15,02/06/2026 23:59
075fbbd6-5de6-4aec-8442-ba31be003f0c,teaching.zone,expiring,66,84,8,"Sav.com, LLC - 41",25/07/2024 17:00,25/07/2025 17:00
065e5dc8-6a12-4e96-97bb-93b09ca6e5d8,schooling.at,available,54,76,9,,,
ab11cc9d-4c1b-4485-80a6-afa7447317e8,schooling.cloud,resell,54,76,9,GoDaddy,07/08/2020 10:07,07/08/2026 10:07
064b8f8f-2fbb-4866-b3e5-df7933103c47,schooling.expert,available,54,76,9,,,
4ebbecae-6037-42a1-b834-96fc5d42c84b,schooling.gg,available,54,76,9,,,
7908fa50-3dfb-43a7-ac3c-dc1402ea0a30,schooling.io,resell,54,76,9,"GoDaddy.com, LLC",01/02/2018 02:54,01/02/2026 02:54
3311b965-69ea-4135-8a34-04514510d0d1,schooling.it,resell,54,76,9,,03/02/2010 10:03,10/02/2026 00:00
5a2d7a54-bf67-43eb-93e4-fe293b22d57d,schooling.me,resell,54,76,9,RegistryGate GmbH,31/05/2024 15:15,31/05/2026 15:15
25d0df96-3cac-4144-913c-6965bd3990ef,schooling.ninja,available,54,76,9,,,
fd29c2c7-bfdd-4678-9893-18282438d12b,schooling.online,premium,54,76,9,,,
cbc0c7c6-0049-44ed-b969-3b68c49cb0e7,schooling.org,expiring,54,76,9,"GoDaddy.com, LLC",01/08/1998 04:00,31/07/2025 04:00
2397bae7-d8af-475a-a158-814acc0fd1eb,schooling.pro,resell,54,76,9,Epik LLC,11/10/2022 17:00,11/10/2025 17:00
2ebcdbc2-b7db-4ab0-bcc9-99d791fadb06,schooling.site,premium,54,76,9,,,
cc81e251-e584-4eec-bf0d-972b80ef3b91,schooling.so,available,54,76,9,,,
b9d92724-3ab6-44e7-90fd-09d8e2cdfc5d,schooling.space,premium,54,76,9,,,
6ac9da3f-5743-428b-811c-8990d4822358,schooling.zone,available,54,76,9,,,
395981af-3807-4121-a09c-2c0ab19d062f,tutoring.app,resell,,80,8,Dynadot LLC.,06/05/2018 07:13,06/05/2026 07:13
f161c5e2-1f1d-4fd5-9632-0208b1187208,tutoring.cloud,premium,,80,8,,,
a79f5e76-51ac-41a8-bb7a-dfa42a08f5be,tutoring.at,available,,80,8,,,
28bd1d34-e829-424d-a578-07c385bd575f,tutoring.tech,premium,,80,8,,,
bc729311-b49a-4495-884b-f51551e2d07d,tutoring.store,premium,,80,8,,,
60851fb2-52f6-430c-a661-aa310e2a81a3,tutoring.space,premium,,80,8,,,
595afe56-00cf-48dd-8e66-bfa237b880cd,tutoring.so,available,,80,8,,,
1508cfb7-d93d-44d1-b40b-8195c74dca8d,tutoring.site,premium,,80,8,,,
8f0d0dae-bb76-49fe-bb0c-72cc0a03707c,tutoring.online,premium,,80,8,,,
1f4d58e2-e670-4259-8dec-301bf2e5ca4a,tutoring.me,resell,,80,8,Dynadot Inc,17/07/2008 17:40,17/07/2026 17:40
26bb311f-a1d8-4c37-87e4-1d96f5372757,tutoring.gg,available,,80,8,,,
6f63a6b8-a797-4a90-8a36-0c9282127c45,tutoring.co,expiring,,80,8,"GoDaddy.com, LLC",21/07/2010 20:17,20/07/2025 23:59
94b268b3-231a-4785-aa02-36e3987c6424,coaching.at,available,64,84,8,,,
b4adbf15-759a-4d30-97f2-210e8420f477,coaching.cloud,premium,64,84,8,,,
abc4eb53-2847-41c0-bd62-b0fc88feb931,coaching.gg,resell,64,84,8,Chang Wen Ling t/a private.tw (http://www.private.tw),,
d19cf8de-cb2c-49cf-b62d-cd7beb8a80c2,coaching.me,resell,64,84,8,Virtualia LLC,26/05/2024 15:15,26/05/2026 15:15
0cb6aaad-a1d5-4f4d-acf9-a8c24f05d3db,coaching.online,premium,64,84,8,,,
22f4e634-9c92-45ec-91ec-536097ddd4b9,coaching.site,premium,64,84,8,,,
5c07a0ca-6b2d-4610-8103-7865a3750474,coaching.store,premium,64,84,8,,,
8116791e-624d-47c1-b62d-cdf128f1bf11,coaching.tech,premium,64,84,8,,,
e373c781-2461-4d80-989d-63e1cd9368b6,coaching.us,resell,64,84,8,"GoDaddy.com, LLC",10/07/2013 18:02,09/07/2026 23:59
3b79df4d-e240-4e70-8bc9-f4d6d8d880ad,coaching.xyz,resell,64,84,8,"Go Daddy, LLC",01/05/2025 16:16,01/05/2026 23:59
4b877ab6-d72e-453e-adf0-8273c3091489,mentoring.at,sold,74,80,9,Hetzner Online GmbH ( https://nic.at/registrar/225 ),,
70c1a825-2318-4fa7-a87a-0a9530048a54,mentoring.co,resell,74,80,9,Dynadot Inc,31/01/2018 17:00,31/01/2026 17:00
da0da2b2-4e93-48e5-871c-ac137502c053,mentoring.io,resell,74,80,9,"GoDaddy.com, LLC",23/03/2019 10:18,23/03/2026 10:18
c76ac9c5-fbc4-4929-ae7e-bcfb8a6a1dc2,mentoring.net,resell,74,80,9,"TurnCommerce, Inc. DBA NameBright.com",20/11/1998 05:00,19/11/2025 05:00
5886f156-d8c0-435d-801e-9866b21764be,mentoring.ninja,available,74,80,9,,,
ea3bbcc7-54e6-4459-91f6-d9e22e8625c5,mentoring.online,premium,74,80,9,,,
af05b518-2384-4ceb-b9c5-c720cfeb0ded,mentoring.pro,resell,74,80,9,"GKG.NET, INC.",09/02/2021 14:30,09/02/2026 14:30
2ccea8e0-7846-42ef-8221-4404c7cfec2a,mentoring.so,available,74,80,9,,,
9605792a-adc4-4722-9691-4732b87b36e9,mentoring.store,expiring,74,80,9,Communigal Communications Ltd,15/07/2024 03:05,15/07/2025 23:59
88c5c042-efb4-48ff-8409-32f9710ef6af,mentoring.tech,premium,74,80,9,,,
7510a994-fa6d-4242-8842-6bee9bc059b9,mentoring.us,resell,74,80,9,"GoDaddy.com, LLC",05/08/2019 00:01,05/08/2026 00:01
fa0801a7-3a61-4601-9c73-ba7e348d7e1d,curriculum.app,resell,60,84,10,Namecamp Limited,16/08/2019 00:08,16/08/2025 00:08
fae75a01-fcf5-4a3d-a709-88a7cafa4fd9,curriculum.at,sold,60,84,10,DAY Investments GmbH ( https://nic.at/registrar/485 ),,
89744e10-e7ba-477f-80cd-942103358f36,curriculum.gg,expired,60,84,10,States of Guernsey (http://www.gov.gg),,
ce9c37bd-e2a0-4149-9ab8-b339ceab2a57,curriculum.me,expiring,60,84,10,"Spaceship, Inc.",17/07/2008 19:42,17/07/2025 19:42
18389744-efb6-40f2-b97b-a6b1e1d9cc58,curriculum.net,resell,60,84,10,"NameCheap, Inc.",28/05/1997 04:00,23/11/2025 20:06
77587333-953a-4972-8af3-a47d1cc94724,curriculum.ninja,available,60,84,10,,,
d3e2721a-65d3-4c23-93e3-c26a7112314f,curriculum.so,available,60,84,10,,,
74089245-aeff-4642-80ab-0e54b0396815,curriculum.store,premium,60,84,10,,,
853cc216-0c4e-4d6e-a0fa-37cb7c2888b2,curriculum.us,resell,60,84,10,"Name.com, Inc.",22/09/2016 18:01,21/09/2026 23:59
8468cd78-f755-404d-8531-5df0f32e76e9,curriculum.xyz,resell,60,84,10,Dynadot LLC,23/11/2017 20:33,23/11/2029 23:59
124f788d-3d71-48f8-bdab-55d29b8e31ab,curriculum.zone,available,60,84,10,,,
954a0ab0-e0d3-4e1e-8e90-88c19309610c,classes.ai,resell,40,36,7,"NameCheap, Inc.",03/08/2018 04:09,03/08/2026 04:09
73054a23-0cfb-4722-8d36-449e5a630510,classes.at,resell,40,36,7,EWBCD GmbH ( https://nic.at/registrar/750 ),,
0411489c-f7b6-4d71-a594-60ed719777ad,classes.cloud,premium,40,36,7,,,
dc9c2fcb-88bb-44bd-82cf-daaa2748f2f0,classes.com,resell,40,36,7,Dynadot Inc,11/05/1995 04:00,01/03/2033 17:26
cf4461af-dc3c-4e7b-869d-16b8c6516a1a,classes.dev,premium,40,36,7,,,
b32321e5-0485-4183-b900-e7510cdce071,classes.expert,available,40,36,7,,,
18411468-696f-4201-98f0-82003bfd0005,classes.gg,available,40,36,7,,,
e9f600ae-cb7b-4ee6-ae37-40b49f5566d6,classes.it,resell,40,36,7,,21/05/2010 16:48,01/06/2026 00:00
6ea748ca-ad48-4a5f-923d-b18505bfacea,classes.ninja,available,40,36,7,,,
dcf0348c-5b74-4ffa-a80e-9f9f4b5c3716,classes.online,premium,40,36,7,,,
c91d4d3a-f538-4a13-a286-2f64a9d9ceb7,classes.pro,expiring,40,36,7,"Sav.com, LLC - 42",20/07/2024 17:00,20/07/2025 17:00
2679bc2c-1bc7-4da7-a8d7-9120b309ce1e,classes.site,premium,40,36,7,,,
32a58a8e-4e17-4f91-ac50-262c42ffe6a2,classes.space,premium,40,36,7,,,
3c5bbae9-741e-4a93-8309-5a806bf59b0b,classes.store,premium,40,36,7,,,
5c63d976-ea59-4088-80ab-31016c7b966a,classes.tech,resell,40,36,7,"Go Daddy, LLC",09/11/2024 17:57,09/11/2025 23:59
9efc8b1a-e587-497e-ad44-95833e33c39b,classes.zone,available,40,36,7,,,
0e906c98-c176-42b9-9a81-6de1fe332782,courses.app,expired,82,88,7,"Wild West Domains, LLC",05/05/2018 16:00,05/05/2025 16:00
207955be-0206-48bd-978c-8ecd7a234565,courses.at,sold,82,88,7,"cix.at - Internet services, Manfred Jambor ( https://nic.at/registrar/342 )",,
e0af24fa-2b8e-49d3-8661-0ac705d88908,courses.cloud,premium,82,88,7,,,
25b81fd4-5f53-4346-93a8-9328d2c2b392,courses.expert,premium,82,88,7,,,
016d9922-0ea9-46d4-8334-42d3c44e5404,courses.io,sold,82,88,7,"humbly, LLC",05/08/2014 00:30,05/08/2026 00:30
3945033e-53ea-4296-b806-7dae2f8deb2d,courses.it,expired,82,88,7,,31/07/2018 09:00,24/06/2025 00:00
a60397d0-4812-41a0-a733-cbf47ab953d9,courses.ninja,premium,82,88,7,,,
90661581-ef7f-49db-b4e8-103de5854648,courses.online,premium,82,88,7,,,
80c8261d-a987-4214-8e3b-f3676c32d1a0,courses.site,premium,82,88,7,,,
5369ad30-71f7-4986-ad94-0a920a3981ed,courses.space,premium,82,88,7,,,
29f272db-bd3f-463e-87e0-66a727889c1d,courses.tech,premium,82,88,7,,,
b4c60fde-40a0-417a-a79f-0376235c323d,courses.xyz,premium,82,88,7,,,
b1fb3d94-6db7-47b0-b038-9e39d4d95ee1,courses.zone,expiring,82,88,7,"GoDaddy.com, LLC",15/07/2023 20:32,15/07/2025 20:32
829646a3-28b8-4657-bd53-29aef1b33b18,seminars.cloud,premium,,48,8,,,
48bc63da-5614-4f67-9b84-707bb44b8128,seminars.dev,premium,,48,8,,,
676b7987-8322-441d-a4ad-47569548d5ad,seminars.gg,available,,48,8,,,
6724fac0-9da2-484e-b5bf-ed62381ed79d,seminars.it,resell,,48,8,,28/01/2010 13:12,14/02/2026 00:00
998f47cc-ffb0-46d1-aa44-3aee9d0dda63,seminars.me,expiring,,48,8,"GoDaddy.com, LLC",17/07/2008 17:30,17/07/2025 17:30
5f596998-8ca9-4279-8bdd-0fbc8f98990d,seminars.ninja,available,,48,8,,,
41d94a88-625b-4bd5-8fe1-9124ad95fceb,seminars.online,premium,,48,8,,,
880cb9fe-5b9f-4173-8e2d-3bdf06752b9b,seminars.pro,resell,,48,8,"Sav.com, LLC - 14",24/11/2024 15:15,24/11/2025 15:15
4e5ace9f-3a28-496b-8e4e-5766600397fd,seminars.site,premium,,48,8,,,
152e8b47-37ff-4875-9615-ed5baea85122,seminars.so,available,,48,8,,,
01b540b6-c664-4d92-bc78-3b668239750b,seminars.space,premium,,48,8,,,
b49d66d1-4b74-48c0-88fe-f0e2cfbd77ec,seminars.tech,premium,,48,8,,,
2c3cb921-a482-4e1a-9b8c-9401d057b9c3,seminars.zone,available,,48,8,,,
ade15fc3-3f24-4029-a589-8a069aab20e4,study.accountant,premium,102,30,5,,,
c1de5e31-eca1-4150-bb16-9889abe02650,study.accountants,available,102,30,5,,,
4cec79a6-4059-4508-98ae-bc2cff14facf,study.actor,available,102,30,5,,,
0c352515-6250-40a9-ba77-62133f265d9b,study.adult,available,102,30,5,,,
286f086f-c3cf-499a-b831-78c732d55543,study.ag,available,102,30,5,,,
299ba0e6-91e8-481b-8143-f41880740488,study.agency,resell,102,30,5,Unstoppable Domains Inc,16/12/2020 14:23,16/12/2026 14:23
13192c73-9ae0-4a35-a170-012c4cbe38a6,study.airforce,available,102,30,5,,,
ca6fe22c-8f8f-4610-9dc4-a8afa7dd2522,study.apartments,available,102,30,5,,,
8752de0e-4b0e-4998-9ac9-c8bf6b4fa57e,study.app,resell,102,30,5,Dynadot LLC.,04/05/2018 21:26,04/05/2026 21:26
834ab223-e46c-4949-b767-71300ce8fba0,study.archi,available,102,30,5,,,
6c2e2948-6201-4783-b013-584e0e4951e3,study.art,premium,102,30,5,,,
0c41a63e-5952-4cc3-bd33-f69fd21567d4,study.associates,premium,102,30,5,,,
c8297b83-09c4-4300-9606-59c20c917b3c,study.attorney,premium,102,30,5,,,
ff84f85e-bf0f-4de2-a1e0-fd361c1b00c5,study.auction,available,102,30,5,,,
986cce84-3e4a-4680-8037-8df8744d7186,study.audio,available,102,30,5,,,
a1a98432-2bf9-48f8-848f-3c3e44220293,study.auto,available,102,30,5,,,
d13306fd-4c9c-43ce-84e7-45a872d71395,study.baby,resell,102,30,5,"Xiamen ChinaSource Internet Service Co., Ltd",24/08/2025 15:47,24/08/2026 23:59
f2b7bfde-2f80-435f-927a-5911013767f1,study.bar,premium,102,30,5,,,
db7b7270-18f2-4204-8ee4-de2950ff9602,study.bargains,premium,102,30,5,,,
a9d31e52-4365-4489-86ef-d34a23ef7fa9,study.bayern,available,102,30,5,,,
c6bce1ef-cab0-4cce-a0c0-d2502c831aa3,study.beauty,resell,102,30,5,"Spaceship, Inc.",08/11/2022 19:13,08/11/2026 23:59
9758b088-bf00-46b4-b828-21d0c30012cb,study.beer,premium,102,30,5,,,
974217a9-e891-4de9-bc06-4abd856d1caa,study.berlin,premium,102,30,5,,,
f87283e1-59d0-44cd-84f9-e4252c8aefa6,study.best,premium,102,30,5,,,
1ea01217-8b10-41b6-a550-772798d66b3e,study.bingo,available,102,30,5,,,
50b51296-3e92-4877-8e00-f113f00fa1c0,study.blackfriday,available,102,30,5,,,
a1e98308-3709-4a8b-a1c1-d130ddcd58da,study.blog,premium,102,30,5,,,
31d99ed2-a827-42e5-ada8-5b9bec536b18,study.blue,resell,102,30,5,Porkbun LLC,23/03/2019 10:25,23/03/2026 10:25
ad1f1b8e-f6f1-4f0a-b0be-51f3e49ded19,study.boo,premium,102,30,5,,,
79de1ca5-ab6b-49fa-a641-777a9f3ab7e1,study.boston,premium,102,30,5,,,
112e3fc5-b4cc-4bed-94ec-08ff797c33aa,study.boutique,premium,102,30,5,,,
4190b456-517f-450b-9552-e6a0a221a6f0,study.build,premium,102,30,5,,,
a254f2d2-c062-4287-89a2-fee25ccf2331,study.builders,available,102,30,5,,,
18914f58-2d03-4b50-a05a-9af12cf89268,study.business,premium,102,30,5,,,
eefadcf5-e7cf-4c94-a4bb-347aa9313cbf,study.bz,available,102,30,5,,,
632084d9-7f89-4cc3-8ed3-fb139b05bc20,study.cafe,resell,102,30,5,Alibaba Cloud Computing Ltd. d/b/a HiChina (www.net.cn),09/05/2024 15:15,09/05/2026 15:15
00b34164-506b-4d9a-a434-e5b4eb083c71,study.cam,premium,102,30,5,,,
35a7761e-cb36-4f0d-ad4b-57f19a8949c7,study.camera,available,102,30,5,,,
001c5e01-e5df-4540-9e20-f1055526268c,study.camp,resell,102,30,5,"Global Domains International, Inc. DBA DomainCostClub.com",14/06/2025 15:15,14/06/2026 15:15
f11ee309-f914-4aca-b0df-7377140f305c,study.capital,premium,102,30,5,,,
8d21e4dd-3508-4074-a4f2-a66e056dcd74,study.car,available,102,30,5,,,
7fe986c5-d6b7-44a3-aa35-95aea752d8ad,study.careers,available,102,30,5,,,
e38b76e0-2757-4af2-95bd-767f5f3144b1,study.cars,available,102,30,5,,,
8541fee4-0620-4d4d-8423-d1aea6da7121,study.casa,premium,102,30,5,,,
6b68d723-b626-46e6-a1ac-fc1b8d02cc8e,study.casino,resell,102,30,5,"Sav.com, LLC",30/06/2025 19:41,30/06/2026 19:41
ef6bbcbb-9b5c-4a0d-aa07-3bf72db5e077,study.catering,premium,102,30,5,,,
fad814fe-4fd7-42a9-8329-8fdde178d514,study.ceo,available,102,30,5,,,
e92b2cb3-c960-423d-8aea-680ba0f31f2d,study.cfd,premium,102,30,5,,,
71b14058-18fa-41ed-a057-c22475ab47ed,study.charity,available,102,30,5,,,
9a01da70-59f3-47fe-af0a-32782dde3d4e,study.cheap,resell,102,30,5,"Sav.com, LLC - 7",29/05/2025 15:16,29/05/2026 15:16
60260fa9-986d-4349-9e57-edea86be29a1,study.city,resell,102,30,5,"Spaceship, Inc.",09/08/2020 02:23,09/08/2026 02:23
ea0285ae-2664-420f-915e-36bb908f2531,study.claims,available,102,30,5,,,
eccb87c5-2285-4a22-8526-1a4173dbbd75,study.cleaning,premium,102,30,5,,,
e3eede30-6978-46fb-aa55-61f47b417965,study.click,premium,102,30,5,,,
679126cc-1813-40ad-8bd2-94367a1e6a68,study.clinic,premium,102,30,5,,,
de4ce7c7-bed0-489e-a474-b6b95d527559,study.clothing,available,102,30,5,,,
cbb3a94a-18c9-458e-bd36-e016739859e8,study.co,sold,102,30,5,"Spaceship, Inc.",29/09/2010 17:30,28/09/2026 23:59
cc2fed0b-7753-428f-b9ad-0cd05c167961,study.college,premium,102,30,5,,,
eace27c1-7a29-4e63-9cda-a1246c5646cd,study.community,premium,102,30,5,,,
1e645167-d584-4fa2-9a8a-6f73d0795b23,study.condos,premium,102,30,5,,,
41adf578-e6b4-496e-a726-5f1581fac962,study.construction,available,102,30,5,,,
aeccc8be-3484-4856-8958-aa61a7ef5228,study.contractors,available,102,30,5,,,
d2d820e8-e027-4e3d-8f71-ba016c0f616a,study.cooking,available,102,30,5,,,
d66621a2-8024-44b5-bbd1-d29c0f5214d2,study.coupons,available,102,30,5,,,
79427c5e-67ea-4cfe-a79f-dc6b0af4d201,study.courses,expired,102,30,5,OPEN UNIVERSITIES AUSTRALIA PTY LTD - COURSES,07/12/2015 01:19,07/12/2025 01:19
601b5e8d-c48a-4517-9250-3a0ccd7b54ad,study.credit,resell,102,30,5,"Sav.com, LLC - 11",29/07/2025 15:15,29/07/2026 15:15
f9c8211b-76b4-4d96-9d63-dbae27147b50,study.creditcard,available,102,30,5,,,
45ff21dd-edea-4d38-a028-538cd8df8e27,study.cricket,available,102,30,5,,,
c9abc836-b485-419b-a09c-6a605a639bb8,study.cruises,available,102,30,5,,,
2c1fe3f3-7e1b-419b-abd2-8e0af4cc7f1b,study.cv,expired,102,30,5,apitestregistrar,29/11/2024 00:00,29/11/2025 19:57
fd5e41bc-04df-4be8-8b32-c129e7fb5413,study.cyou,premium,102,30,5,,,
336327b0-1575-4822-8433-6e57d57e61d1,study.dad,premium,102,30,5,,,
d1f431be-812f-427a-96ee-67eff41b9d3e,study.date,premium,102,30,5,,,
b0213a28-45e7-40bc-8628-443d08139c2c,study.dating,available,102,30,5,,,
fb10a899-280d-46e3-b998-d68a561ab500,study.deal,premium,102,30,5,,,
97ed9b14-42db-4238-9dbd-43acab274164,study.dealer,premium,102,30,5,,,
87ac67d6-ee1f-4e04-b37d-e79911fac18f,study.deals,premium,102,30,5,,,
326eff53-b222-4de5-ba29-e0743ebf117c,study.degree,premium,102,30,5,,,
e5910f05-25b9-4a94-99de-371888d541fe,study.delivery,premium,102,30,5,,,
532b16b0-312c-42df-9783-ea32af9827ac,study.democrat,available,102,30,5,,,
ed2b0f8f-910d-472d-96b4-c1822612a0a6,study.dental,expiring,102,30,5,united-domains GmbH,13/12/2016 07:08,13/12/2025 07:08
65d47e11-496c-4925-92e4-820cf32215c6,study.dentist,premium,102,30,5,,,
fed997e9-95d6-46c3-b1df-c52668296013,study.design,premium,102,30,5,,,
ea491b76-01e9-4e93-9b02-1135edae3431,study.dev,resell,102,30,5,Squarespace Domains II LLC.,19/08/2022 18:04,19/08/2026 18:04
41c6eb77-7fcc-42c8-b83a-1b4164423a91,study.diamonds,available,102,30,5,,,
ac67d91a-cb61-4b2c-96db-46d7d5caade7,study.diet,available,102,30,5,,,
8b1a31e4-b354-491e-9420-08843e84e1a8,study.diy,premium,102,30,5,,,
28c708df-bd6c-4281-b6c9-7eaead08c6c1,study.doctor,available,102,30,5,,,
006cda73-bd98-4f2d-80d2-2966504b5e74,study.dog,premium,102,30,5,,,
27f9e172-20ea-4b75-9505-54427bdfd281,study.domains,premium,102,30,5,,,
35b87d1a-cfa1-4f28-b420-52c463bae0f3,study.download,premium,102,30,5,,,
0111bcb8-13a0-40c0-8470-fc18b34c58f6,study.email,premium,102,30,5,,,
03472775-292d-412d-aa06-f2fd7b6324b7,study.energy,premium,102,30,5,,,
298e36fa-a536-4ace-b21a-d37653d713ef,study.engineer,premium,102,30,5,,,
01f6b307-abca-48e6-b2be-d402e94961ed,study.engineering,resell,102,30,5,"GoDaddy.com, LLC",18/07/2014 06:28,18/07/2026 06:28
b97204fb-38a6-42af-8dd4-985b29eb91cb,study.enterprises,available,102,30,5,,,
a3f39920-75bf-4801-a780-b40a9bb3fefd,study.equipment,available,102,30,5,,,
73dff4de-747f-4880-a7fb-fe756c2c9dac,study.esq,premium,102,30,5,,,
08e0923d-ead3-44b0-a4c2-008a6717e85b,study.estate,available,102,30,5,,,
6a35002c-e8ef-4c1f-9204-af24d522b3b7,study.events,premium,102,30,5,,,
a60fbc8e-ed5a-4b13-963b-f7140ad4bcf6,study.expert,premium,102,30,5,,,
b666b9f3-fb0a-4937-adee-4abe24d98fd1,study.exposed,premium,102,30,5,,,
a1f7bf1d-bf23-4b9f-b5e5-8e696e6605e4,study.faith,premium,102,30,5,,,
45acce95-c2d2-4527-8288-fac53cf6464e,study.family,premium,102,30,5,,,
09cc2f85-44f2-4e34-85a5-b4db00507f26,study.fan,premium,102,30,5,,,
4b6fd6b2-2760-4c67-a0b3-1f81ad078ce1,study.fans,premium,102,30,5,,,
08e8c15f-8ce9-40a6-9f7e-1013e96e8345,study.farm,available,102,30,5,,,
706dfe35-aafe-461c-ad27-c4bcd80900ae,study.fashion,premium,102,30,5,,,
846935f1-5579-4f37-a3e8-1efcc6c8212f,study.film,premium,102,30,5,,,
08ff17ae-bb60-4600-ba8c-a74985b425dd,study.financial,premium,102,30,5,,,
891f7c89-7369-42ef-b5c2-f2e23a334fee,study.fish,premium,102,30,5,,,
cebfcd09-fd0d-4065-87c8-fff1a4b139ea,study.fishing,premium,102,30,5,,,
1b887eaa-6634-4c5b-8c44-dbc85efa322e,study.fit,resell,102,30,5,"Xiamen ChinaSource Internet Service Co., Ltd",17/12/2024 00:00,17/12/2026 00:00
ecf3ad9e-5ea5-406e-9892-ab393bce18b8,study.fitness,premium,102,30,5,,,
63146b03-ddf0-4add-9d6e-c08e403da2cf,study.flights,premium,102,30,5,,,
6ed5491b-668c-4a10-b58c-fb17e38f07df,study.florist,available,102,30,5,,,
69c0397c-36d0-4497-9f02-1357e3c8ddcf,study.flowers,available,102,30,5,,,
3dc7248f-7903-4a35-93e1-04752624850a,study.fm,resell,102,30,5,1API GmbH,13/07/2025 02:35,13/07/2026 23:59
f9f6a9fc-8406-4b62-8059-d18763ebc07b,study.foo,premium,102,30,5,,,
d448daa5-5fa4-496b-857c-57bdb3490018,study.food,premium,102,30,5,,,
267cecc9-617c-46ab-91d0-d49966a16f59,study.forsale,available,102,30,5,,,
d7f4218e-d5c9-49fc-8280-f2741ceaf505,study.forum,premium,102,30,5,,,
4ed0eb16-888b-46e7-beff-0ca8082f9064,study.free,premium,102,30,5,,,
0848dc5d-4f10-4bbf-8e6b-1222d9b09755,study.fun,premium,102,30,5,,,
11b3948b-7445-4895-9604-72ee113e6be3,study.furniture,available,102,30,5,,,
39e34776-2729-4cf6-9d41-4f43f020b111,study.futbol,available,102,30,5,,,
77112056-0601-406f-8d15-30c376913766,study.fyi,resell,102,30,5,"Chengdu West Dimension Digital Technology Co., Ltd.",21/03/2021 08:22,21/03/2026 08:22
3b724120-6110-4cc9-837f-cd66c1258729,study.gallery,premium,102,30,5,,,
e8cb5f83-a6ab-4d33-af90-f22ad633681c,study.game,available,102,30,5,,,
a1df4562-ea71-480b-a34a-80c32697b827,study.games,resell,102,30,5,Alibaba Cloud Computing Ltd. d/b/a HiChina (www.net.cn),27/06/2020 16:53,27/06/2026 16:53
0072f9ef-379d-492e-a34b-2ad3b6930849,study.gay,premium,102,30,5,,,
639f5aad-50c5-450a-ad94-feb8bc380793,study.gg,resell,102,30,5,Dynadot Inc. (https://www.dynadot.com),,
0fcf493c-1aed-4556-b044-dc140f1f065d,study.gifts,premium,102,30,5,,,
a524fddd-1af0-426d-afe0-c52531848f99,study.giving,available,102,30,5,,,
dc8b44f7-a2a1-46f8-9d58-f47787d01496,study.glass,available,102,30,5,,,
5e5234e8-8a94-47b5-b83d-f1d4f4e1501e,study.gmbh,available,102,30,5,,,
148d002b-5fbf-4bc2-b1ea-b5b68650c3ef,study.gold,resell,102,30,5,"Chengdu West Dimension Digital Technology Co., Ltd.",24/01/2018 16:14,24/01/2026 16:14
e765e8bd-7b97-46eb-9779-1db8fc959ff8,study.golf,available,102,30,5,,,
18244859-47cc-4959-8de2-4cf104fc3c75,study.graphics,premium,102,30,5,,,
d41b4c5b-8fa0-4bdd-9956-1f45ff9e13e6,study.gratis,premium,102,30,5,,,
dbefc167-b9b9-4dbc-bf2e-59693246afb8,study.green,premium,102,30,5,,,
6a1bbf57-f717-46c7-bddc-db26b08d20df,study.group,resell,102,30,5,Porkbun LLC,11/06/2016 06:27,11/06/2026 06:27
55cc7ea3-4bc7-4b2c-881f-bacab86cef24,study.health,premium,102,30,5,,,
d8307583-35da-41a8-9b37-c8f6f58f0686,study.healthcare,premium,102,30,5,,,
00a686b9-b917-4929-99d2-57bd470c0fd6,study.hiv,premium,102,30,5,,,
b759e77e-49f6-4fa0-ab4e-27b5cab63fbb,study.hockey,available,102,30,5,,,
87abe71a-40be-4d8b-ad23-bf3f09e01705,study.holdings,available,102,30,5,,,
14de21f4-e63c-46e7-99e4-7ce6f024e358,study.holiday,available,102,30,5,,,
3b674017-61f8-4411-9bfa-185777fc207f,study.hospital,available,102,30,5,,,
4af06e17-00c1-44f6-923d-9a13cfac9e6a,study.host,premium,102,30,5,,,
f33659a5-5797-4156-94ad-4f55a4b9dc0e,study.hot,premium,102,30,5,,,
d91ede41-cc16-4ba8-8310-4d685683d860,study.house,resell,102,30,5,"Spaceship, Inc.",02/05/2020 23:18,02/05/2026 23:18
e6dfa8c9-40bc-4a86-a59b-c08de8f497d8,study.how,premium,102,30,5,,,
f4761d00-e0d4-4ce4-8b59-cfc7530dbe29,study.icu,expiring,102,30,5,"CHENGDU WEST DIMENSION DIGITAL TECHNOLOGY CO., LTD.",11/12/2024 17:11,11/12/2025 23:59
3d9595cb-2a23-4dfc-9a6a-8f5eaae0a71d,study.im,premium,102,30,5,,,
b694f436-93ad-43ac-831c-08f43fbc7902,study.immo,available,102,30,5,,,
4d2acb15-e03b-4374-a1ac-96f6a1e2e926,study.immobilien,available,102,30,5,,,
75b9b773-6167-4aab-8023-337d2da5c338,study.inc,premium,102,30,5,,,
9f5a04e9-0d0e-4a3e-b538-a64188585609,study.industries,premium,102,30,5,,,
42317089-cc37-44d5-9b28-e4ed1438de86,study.info,resell,102,30,5,"Spaceship, Inc.",17/09/2004 09:37,17/09/2026 09:37
dcaba954-4bab-46ba-993c-4dc6e1382414,study.ing,premium,102,30,5,,,
7c2e65fa-b364-4795-8c94-c81364c8cfbf,study.ink,premium,102,30,5,,,
138abeca-85de-43c6-bbbe-73500e8dcb1e,study.insure,available,102,30,5,,,
6b8ef915-b605-4e75-8fbf-908d3689ed49,study.irish,resell,102,30,5,"GoDaddy.com, LLC",14/07/2023 00:04,14/07/2027 00:04
6366ef72-b573-4bee-a350-a950a8754f0d,study.it,resell,102,30,5,,21/01/2000 00:00,25/01/2026 00:00
e9b2e0c6-7c9a-48e8-9a19-ec16131b479d,study.jetzt,available,102,30,5,,,
d8e4f60b-656e-4fc6-a2a8-1a1fd7c2d2cf,study.jewelry,available,102,30,5,,,
59817c56-58e1-4813-8b2e-0c0218c26e0b,study.juegos,available,102,30,5,,,
86245daf-51ef-4a7a-8290-b724e64559f5,study.kaufen,available,102,30,5,,,
04b397d0-ce25-4748-8cdd-7edc501f18c2,study.kids,premium,102,30,5,,,